Quality,Fibre,Count,Finish,Print,Coverage,Consum,Issued,Balance,Meters,Mesh,Rod,Speed,Hits,Color-hits,Viscosity,Machine
13200046,CV,32,None,Reactive,11.86,210,240,30,10520,195.0,8.0,30.0,1,1,108.0,2.0
13200046,CV,32,None,Reactive,56.84,1060,1080,20,10520,125.0,10.0,30.0,1,1,70.0,2.0
13200046,CV,32,None,Reactive,18.55,345,360,15,10520,165.0,10.0,30.0,1,1,75.0,2.0
13200046,CV,32,None,Reactive,20.81,342,360,18,10520,165.0,10.0,30.0,1,0,68.0,2.0
13200046,CV,32,None,Reactive,4.4,102,120,18,10520,155.0,10.0,30.0,1,0,70.0,2.0
A130D001,V,30,None,Pigment,5.64,128,150,22,12720,155.0,10.0,30.0,0,0,,1.0
A130D001,V,30,None,Pigment,2.86,105,120,15,12720,155.0,10.0,30.0,0,0,,1.0
A130D001,V,30,None,Pigment,12.54,220,240,20,12720,155.0,10.0,30.0,0,0,,1.0
A130D001,V,30,None,Pigment,23.85,337,360,23,12720,155.0,10.0,30.0,0,0,,1.0
A130D001,V,30,None,Pigment,2.65,110,120,10,12720,155.0,10.0,30.0,0,0,,1.0
A130D001,V,30,None,Pigment,1.63,65,80,15,12720,155.0,10.0,30.0,0,0,,1.0
A130D001,V,30,None,Pigment,7.44,172,200,28,12720,155.0,10.0,30.0,0,0,,1.0
A130D001,V,30,None,Pigment,11.4,220,240,20,12720,125.0,10.0,30.0,0,0,,1.0
A130D001,V,30,None,Pigment,11.24,220,240,20,12720,155.0,10.0,30.0,0,0,,1.0
A130D001,V,30,None,Pigment,17.14,344,360,16,12720,125.0,10.0,30.0,0,0,,1.0
A130D001,V,30,None,Pigment,5.76,130,150,20,12720,125.0,10.0,30.0,0,0,,1.0
13200046,CV,32,None,Reactive,49.82,220,240,20,1745,195.0,8.0,25.0,1,1,,2.0
13200046,CV,32,None,Reactive,14.44,80,90,10,1745,195.0,15.0,25.0,1,0,,2.0
13200046,CV,32,None,Reactive,18.95,85,100,15,1745,125.0,8.0,25.0,1,0,,2.0
13200046,CV,32,None,Reactive,21.85,90,100,10,1745,165.0,12.0,25.0,1,0,,2.0
13200046,CV,32,None,Reactive,9.19,50,60,10,1745,165.0,10.0,25.0,1,0,,2.0
13000437,CV,30,Raise,Pigment,37.83,277,300,23,3910,125.0,15.0,35.0,0,0,80.0,2.0
A130D001,V,30,None,Reactive,31.85,700,720,20,13885,125.0,15.0,30.0,2,1,,1.0
A130D001,V,30,None,Reactive,5.95,145,170,25,13885,155.0,15.0,30.0,2,2,,1.0
A130D001,V,30,None,Reactive,3.3,100,120,20,13885,155.0,15.0,30.0,2,1,,1.0
A130D001,V,30,None,Reactive,15.87,330,360,30,13885,155.0,12.0,30.0,2,2,,1.0
A130D001,V,30,None,Reactive,30.67,455,480,25,13885,155.0,20.0,30.0,2,2,,1.0
A130D001,V,30,None,Reactive,2.78,80,100,20,13885,155.0,15.0,30.0,2,2,,1.0
A130D001,V,30,None,Reactive,1.88,80,100,20,13885,155.0,12.0,30.0,2,2,,1.0
A130D001,V,30,None,Reactive,8.31,220,240,20,13885,155.0,12.0,30.0,2,1,,1.0
A130D001,V,30,None,Reactive,13.0,270,290,20,13885,155.0,12.0,30.0,2,1,,1.0
A130D001,V,30,None,Reactive,12.96,270,290,20,13885,155.0,12.0,30.0,2,0,,1.0
A130D001,V,30,None,Reactive,19.21,340,360,20,13885,155.0,12.0,30.0,2,0,,1.0
A130D001,V,30,None,Reactive,6.36,150,170,20,13885,155.0,12.0,30.0,2,0,,1.0
14500101,V,45,None,Discharge,29.32,117,142,25,2380,155.0,10.0,35.0,3,3,,2.0
A145A279,SPC,45,None,Pigment,78.59,228,260,32,2110,125.0,10.0,45.0,0,0,80.0,2.0
A145A279,SPC,45,None,Pigment,3.5,38,50,12,2110,125.0,8.0,45.0,0,0,78.0,2.0
140324,ST,40,None,Pigment,6.42,51,70,19,3500,195.0,6.0,35.0,2,0,110.0,2.0
140324,ST,40,None,Pigment,52.18,198,220,22,3500,155.0,12.0,35.0,2,2,100.0,2.0
140324,ST,40,None,Pigment,52.24,155,170,15,3500,155.0,8.0,35.0,2,1,100.0,2.0
A1600279,JM,60,None,Reactive,70.89,175,190,15,1200,155.0,15.0,30.0,1,1,80.0,3.0
A1600279,JM,60,None,Reactive,1.04,40,50,10,1200,155.0,15.0,30.0,1,0,86.0,3.0
A1600279,JM,60,None,Reactive,22.48,85,100,15,1200,165.0,15.0,30.0,1,0,77.0,3.0
A120A528,V,20,None,Reactive,5.73,40,50,10,1450,125.0,8.0,50.0,3,2,75.0,3.0
A120A528,V,20,None,Reactive,69.6,264,282,18,1450,125.0,8.0,50.0,3,3,68.0,3.0
A120A528,V,20,None,Reactive,11.38,64,78,14,1450,125.0,12.0,50.0,3,3,65.0,3.0
A120A528,V,20,None,Reactive,4.18,34,50,16,1450,125.0,12.0,50.0,3,3,65.0,3.0
A120A528,V,20,None,Reactive,20.29,68,80,12,1450,125.0,12.0,50.0,3,3,63.0,3.0
18006,CT,80,None,Reactive,5.72,220,240,20,17660,165.0,12.0,35.0,2,2,,3.0
18006,CT,80,None,Reactive,79.0,1880,1920,40,17660,165.0,10.0,35.0,2,2,,3.0
18006,CT,80,None,Reactive,9.81,250,280,30,17660,165.0,12.0,35.0,2,1,,3.0
A180A234,CT,80,None,Reactive,88.61,180,240,60,1240,155.0,10.0,30.0,0,0,70.0,2.0
A180A234,CT,80,None,Reactive,12.26,60,75,15,1240,155.0,8.0,30.0,0,0,65.0,2.0
13200046,CV,32,None,Reactive,57.73,342,360,18,2780,125.0,12.0,30.0,0,0,82.0,2.0
160A63,ST,60,None,Discharge,3.16,40,64,24,1623,165.0,6.0,50.0,2,2,,2.0
A150C549,ST,50,None,Pigment,11.05,46,58,12,970,155.0,8.0,45.0,0,0,,2.0
A150C549,ST,50,None,Pigment,7.1,40,53,13,970,125.0,8.0,45.0,0,0,,2.0
A150C549,ST,50,None,Pigment,2.72,37,45,8,970,125.0,8.0,45.0,0,0,,2.0
A150C549,ST,50,None,Pigment,39.12,87,100,13,970,165.0,8.0,45.0,0,0,,2.0
13200046,CV,32,None,Reactive,23.18,195,220,25,5610,195.0,12.0,30.0,2,1,90.0,2.0
13200046,CV,32,None,Reactive,13.08,126,149,23,5610,155.0,12.0,30.0,2,2,75.0,2.0
13200046,CV,32,None,Reactive,27.62,182,200,18,5610,125.0,10.0,30.0,2,1,78.0,2.0
A140D377,CT,40,Raise,Pigment,9.68,30,50,20,500,165.0,8.0,45.0,0,0,100.0,2.0
A140D377,CT,40,Raise,Pigment,99.9,80,90,10,500,125.0,10.0,45.0,0,0,70.0,2.0
13000391,CT,30,None,Pigment,5.75,72,102,30,2175,165.0,8.0,45.0,1,1,,2.0
A140D722,SPC,40,None,Pigment,15.12,70,90,20,2800,155.0,10.0,45.0,4,2,,2.0
A140D722,SPC,40,None,Pigment,64.24,230,300,70,2800,155.0,10.0,45.0,4,4,,2.0
13200046,CV,32,None,Reactive,36.57,1293,1320,27,16700,125.0,15.0,30.0,2,1,,1.0
13200046,CV,32,None,Reactive,7.95,219,240,21,16700,155.0,12.0,30.0,2,1,,1.0
13200046,CV,32,None,Reactive,16.09,410,430,20,16700,155.0,12.0,30.0,2,0,,1.0
13200046,CV,32,None,Reactive,7.17,222,240,18,16700,125.0,12.0,30.0,2,0,,1.0
13200046,CV,32,None,Reactive,14.23,386,410,24,16700,155.0,12.0,30.0,2,2,,1.0
13200046,CV,32,None,Reactive,17.51,441,460,19,16700,155.0,12.0,30.0,2,1,,1.0
13200046,CV,32,None,Pigment,7.17,202,220,18,11530,195.0,10.0,65.0,1,1,112.0,2.0
13200046,CV,32,None,Pigment,5.75,164,180,16,11530,195.0,10.0,65.0,1,1,118.0,2.0
13200046,CV,32,None,Pigment,25.13,457,480,23,11530,195.0,10.0,65.0,1,0,,2.0
A130D621,SPC,30,None,Pigment,8.5,85,100,15,2400,125.0,10.0,60.0,0,0,90.0,2.0
A140D660,SPC,40,None,Discharge,0.69,40,55,15,6495,165.0,20.0,30.0,4,2,,2.0
A140D660,SPC,40,None,Discharge,0.69,30,50,20,6495,165.0,20.0,30.0,4,4,,2.0
A1600279,JM,60,None,Reactive,70.69,148,166,18,1300,155.0,15.0,35.0,2,2,75.0,3.0
A1600279,JM,60,None,Reactive,9.11,41,55,14,1300,155.0,15.0,35.0,2,1,70.0,3.0
A1600279,JM,60,None,Reactive,0.65,35,50,15,1300,155.0,15.0,35.0,2,2,65.0,3.0
A1600279,JM,60,None,Reactive,17.69,52,70,18,1300,155.0,15.0,35.0,2,2,67.0,3.0
A1600279,JM,60,None,Reactive,69.01,138,160,22,1300,155.0,15.0,35.0,2,2,72.0,3.0
A120C093,CV,20,None,Reactive,77.34,2770,2800,30,20583,125.0,15.0,25.0,2,1,68.0,3.0
A120C093,CV,20,None,Reactive,0.13,65,80,15,20583,195.0,12.0,25.0,2,1,70.0,3.0
A120C093,CV,20,None,Reactive,0.6,68,80,12,20583,165.0,15.0,25.0,2,2,71.0,3.0
A120C093,CV,20,None,Reactive,2.93,221,240,19,20583,155.0,15.0,25.0,2,1,65.0,3.0
A120C093,CV,20,None,Reactive,3.47,218,240,22,20583,155.0,15.0,25.0,2,1,63.0,3.0
A120C093,CV,20,None,Reactive,1.01,106,120,14,20583,155.0,15.0,25.0,2,1,63.0,3.0
A120C093,CV,20,None,Reactive,1.21,109,120,11,20583,165.0,12.0,25.0,2,1,62.0,3.0
A120C093,CV,20,None,Reactive,2.78,184,200,16,20583,165.0,15.0,25.0,2,1,61.0,3.0
A120C093,CV,20,None,Reactive,2.72,228,240,12,20583,125.0,12.0,25.0,2,1,60.0,3.0
A120C093,CV,20,None,Reactive,3.09,224,240,16,20583,125.0,12.0,25.0,2,1,60.0,3.0
A120C093,CV,20,None,Reactive,10.11,398,420,22,20583,125.0,12.0,25.0,2,1,,3.0
A130D001,V,30,None,Reactive,36.21,685,720,35,10740,125.0,15.0,30.0,0,0,65.0,2.0
A130D001,V,30,None,Reactive,38.7,800,840,40,10740,125.0,15.0,30.0,0,0,63.0,2.0
A130D001,V,30,None,Reactive,26.87,390,420,30,10740,125.0,12.0,30.0,0,0,62.0,2.0
A120C093,CV,20,None,Reactive,77.34,380,400,20,2765,125.0,15.0,30.0,0,0,,3.0
A120C093,CV,20,None,Reactive,8.13,42,60,18,2765,195.0,15.0,30.0,0,0,,3.0
A120C093,CV,20,None,Reactive,0.6,39,60,21,2765,165.0,15.0,30.0,0,0,,3.0
A120C093,CV,20,None,Reactive,2.93,40,60,20,2765,155.0,15.0,30.0,0,0,,3.0
A120C093,CV,20,None,Reactive,3.47,45,60,15,2765,155.0,15.0,30.0,0,0,,3.0
A120C093,CV,20,None,Reactive,1.01,44,60,16,2765,155.0,15.0,30.0,0,0,,3.0
A120C093,CV,20,None,Reactive,1.21,42,60,18,2765,165.0,12.0,30.0,0,0,,3.0
A120C093,CV,20,None,Reactive,2.78,50,60,10,2765,165.0,15.0,30.0,0,0,,3.0
A120C093,CV,20,None,Reactive,2.72,48,60,12,2765,125.0,12.0,30.0,0,0,,3.0
A120C093,CV,20,None,Reactive,3.09,47,60,13,2765,125.0,12.0,30.0,0,0,,3.0
A120C093,CV,20,None,Reactive,10.11,72,80,8,2765,125.0,12.0,30.0,0,0,,3.0
A132B147,CV,32,None,Reactive,36.57,1525,1550,25,21590,125.0,15.0,35.0,0,0,61.0,3.0
A132B147,CV,32,None,Reactive,21.32,942,960,18,21590,125.0,15.0,35.0,0,0,57.0,3.0
A132B147,CV,32,None,Reactive,7.13,255,270,15,21590,125.0,12.0,35.0,0,0,55.0,3.0
A132B147,CV,32,None,Reactive,14.25,518,540,22,21590,125.0,12.0,35.0,0,0,58.0,3.0
A132B147,CV,32,None,Reactive,17.52,640,660,20,21590,125.0,12.0,35.0,0,0,60.0,3.0
13200046,CV,32,None,Reactive,45.7,400,420,20,4390,125.0,15.0,35.0,0,0,,3.0
13200046,CV,32,None,Reactive,10.54,150,180,30,4390,125.0,15.0,35.0,0,0,,3.0
13200046,CV,32,None,Reactive,5.44,80,100,20,4390,125.0,12.0,35.0,0,0,,3.0
A120C093,CV,20,None,Reactive,68.25,1090,1120,30,9027,125.0,15.0,25.0,2,0,,3.0
A120C093,CV,20,None,Reactive,2.67,84,100,16,9027,165.0,15.0,25.0,2,2,,3.0
A120C093,CV,20,None,Reactive,4.4,108,130,22,9027,165.0,15.0,25.0,2,1,,3.0
A120C093,CV,20,None,Reactive,0.71,50,70,20,9027,165.0,15.0,25.0,2,0,,3.0
A120C093,CV,20,None,Reactive,3.51,79,100,21,9027,165.0,12.0,25.0,2,1,,3.0
A120C093,CV,20,None,Reactive,0.65,55,80,25,9027,165.0,12.0,25.0,2,0,,3.0
A120C093,CV,20,None,Reactive,2.7,77,100,23,9027,165.0,12.0,25.0,2,0,,3.0
A120C093,CV,20,None,Reactive,6.32,132,150,18,9027,165.0,12.0,25.0,2,0,,3.0
A120C093,CV,20,None,Reactive,1.71,75,100,25,9027,165.0,12.0,25.0,2,0,,3.0
A120C093,CV,20,None,Reactive,8.11,148,170,22,9027,165.0,12.0,25.0,2,0,,3.0
A120C093,CV,20,None,Reactive,12.54,210,240,30,9027,125.0,12.0,25.0,2,0,,3.0
13200046,CV,32,None,Reactive,59.74,200,240,40,1715,125.0,15.0,35.0,0,0,,3.0
13200046,CV,32,None,Reactive,0.79,40,60,20,1715,165.0,15.0,35.0,0,0,,3.0
13200046,CV,32,None,Reactive,8.26,35,60,25,1715,155.0,15.0,35.0,0,0,,3.0
13200046,CV,32,None,Reactive,14.5,40,92,52,1715,155.0,15.0,35.0,0,0,,3.0
13200046,CV,32,None,Reactive,8.92,38,60,22,1715,125.0,15.0,35.0,0,0,,3.0
13200046,CV,32,None,Reactive,2.06,45,60,15,1715,125.0,12.0,35.0,0,0,,3.0
13000437,CV,30,Raise,Reactive,2.99,42,60,18,977,165.0,12.0,25.0,1,0,,3.0
13000437,CV,30,Raise,Reactive,0.75,38,60,22,977,125.0,15.0,25.0,1,1,,3.0
13000437,CV,30,Raise,Reactive,0.31,30,50,20,977,125.0,15.0,25.0,1,0,,3.0
13000437,CV,30,Raise,Reactive,89.0,200,220,20,977,125.0,20.0,25.0,1,1,,3.0
13000437,CV,30,Raise,Reactive,0.31,32,50,18,977,125.0,15.0,25.0,1,0,,3.0
13000437,CV,30,Raise,Reactive,0.47,31,50,19,977,125.0,15.0,25.0,1,0,,3.0
13000437,CV,30,Raise,Reactive,0.25,34,50,16,977,125.0,15.0,25.0,1,0,,3.0
13000437,CV,30,Raise,Reactive,0.92,35,50,15,977,125.0,15.0,25.0,1,1,,3.0
13000437,CV,30,Raise,Reactive,5.38,40,50,10,977,125.0,10.0,25.0,1,0,,3.0
13200046,CV,32,None,Reactive,3.63,40,60,20,2105,,6.0,35.0,0,0,,3.0
13200046,CV,32,None,Reactive,12.41,68,80,12,2105,,6.0,35.0,0,0,,3.0
13200046,CV,32,None,Reactive,21.6,100,120,20,2105,155.0,10.0,35.0,0,0,,3.0
13200046,CV,32,None,Reactive,61.91,208,240,32,2105,,10.0,35.0,0,0,,3.0
13000437,CV,30,Raise,Reactive,0.03,42,50,8,4410,125.0,15.0,30.0,0,0,,3.0
13000437,CV,30,Raise,Reactive,0.39,43,50,7,4410,125.0,15.0,30.0,0,0,,3.0
13000437,CV,30,Raise,Reactive,0.35,45,50,5,4410,125.0,15.0,30.0,0,0,,3.0
13000437,CV,30,Raise,Reactive,0.65,50,55,5,4410,165.0,15.0,30.0,0,0,,3.0
13000437,CV,30,Raise,Reactive,0.26,46,55,9,4410,125.0,15.0,30.0,0,0,,3.0
13000437,CV,30,Raise,Reactive,0.36,46,50,4,4410,125.0,15.0,30.0,0,0,,3.0
13000437,CV,30,Raise,Reactive,0.26,46,50,4,4410,125.0,15.0,30.0,0,0,,3.0
13000437,CV,30,Raise,Reactive,0.57,52,60,8,4410,165.0,15.0,30.0,0,0,,3.0
13000437,CV,30,Raise,Reactive,80.95,637,650,13,4410,125.0,15.0,30.0,0,0,,3.0
13000437,CV,30,Raise,Reactive,3.23,60,70,10,4410,125.0,15.0,30.0,0,0,,3.0
13000437,CV,30,Raise,Reactive,14.53,115,120,5,4410,125.0,12.0,30.0,0,0,,3.0
14500101,V,45,None,Reactive,70.0,522,542,20,4195,125.0,15.0,30.0,0,0,,3.0
14500101,V,45,None,Reactive,35.0,225,240,15,4195,125.0,12.0,30.0,0,0,,3.0
18006,CT,80,None,Reactive,66.81,460,480,20,5300,165.0,12.0,40.0,0,0,,3.0
18006,CT,80,None,Reactive,9.65,150,170,20,5300,155.0,12.0,40.0,0,0,,3.0
13200046,CV,32,None,Reactive,77.34,1050,1080,30,8200,125.0,15.0,30.0,3,2,,3.0
13200046,CV,32,None,Reactive,0.13,45,80,35,8200,195.0,15.0,30.0,3,0,,3.0
13200046,CV,32,None,Reactive,0.6,52,80,28,8200,165.0,15.0,30.0,3,3,,3.0
13200046,CV,32,None,Reactive,2.93,95,130,35,8200,155.0,15.0,30.0,3,3,,3.0
13200046,CV,32,None,Reactive,3.47,81,110,29,8200,155.0,15.0,30.0,3,1,,3.0
13200046,CV,32,None,Reactive,1.01,48,80,32,8200,155.0,15.0,30.0,3,0,,3.0
13200046,CV,32,None,Reactive,1.21,50,80,30,8200,165.0,12.0,30.0,3,0,,3.0
13200046,CV,32,None,Reactive,2.78,85,120,35,8200,165.0,15.0,30.0,3,0,,3.0
13200046,CV,32,None,Reactive,2.72,87,120,33,8200,125.0,12.0,30.0,3,0,,3.0
13200046,CV,32,None,Reactive,3.09,99,120,21,8200,125.0,12.0,30.0,3,0,,3.0
13200046,CV,32,None,Reactive,10.11,185,220,35,8200,125.0,12.0,30.0,3,0,,3.0
A120C093,CV,20,None,Reactive,82.57,2251,2280,29,14553,125.0,15.0,30.0,2,1,,3.0
A120C093,CV,20,None,Reactive,1.79,105,130,25,14553,125.0,15.0,30.0,2,0,,3.0
A120C093,CV,20,None,Reactive,6.0,192,220,28,14553,125.0,15.0,30.0,2,2,,3.0
A120C093,CV,20,None,Reactive,2.65,110,140,30,14553,125.0,15.0,30.0,2,1,,3.0
A120C093,CV,20,None,Reactive,1.69,85,100,15,14553,125.0,15.0,30.0,2,1,,3.0
A120C093,CV,20,None,Reactive,5.29,189,210,21,14553,125.0,12.0,30.0,2,1,,3.0
A120C093,CV,20,None,Reactive,2.44,135,150,15,14553,125.0,12.0,30.0,2,0,,3.0
14000398,CV,40,None,Discharge,1.76,32,60,28,1760,125.0,15.0,40.0,0,0,,3.0
13200046,CV,32,None,Reactive,57.73,242,270,28,1835,125.0,10.0,30.0,1,1,,3.0
13200046,CV,32,None,Reactive,53.16,189,220,31,1835,155.0,15.0,30.0,1,0,,3.0
14000398,CV,40,None,Reactive,40.93,582,600,18,8378,125.0,15.0,30.0,3,2,62.0,3.0
14000398,CV,40,None,Reactive,2.03,46,60,14,8378,125.0,15.0,30.0,3,0,64.0,3.0
14000398,CV,40,None,Reactive,8.46,140,160,20,8378,125.0,15.0,30.0,3,3,63.0,3.0
14000398,CV,40,None,Reactive,6.33,135,150,15,8378,125.0,15.0,30.0,3,0,75.0,3.0
14000398,CV,40,None,Reactive,8.66,143,160,17,8378,125.0,15.0,30.0,3,1,60.0,3.0
14000398,CV,40,None,Reactive,4.43,87,100,13,8378,125.0,15.0,30.0,3,1,65.0,3.0
14000398,CV,40,None,Reactive,4.09,113,130,17,8378,125.0,12.0,30.0,3,3,60.0,3.0
14000398,CV,40,None,Reactive,1.9,75,90,15,8378,125.0,12.0,30.0,3,2,60.0,3.0
14000398,CV,40,None,Reactive,5.33,107,120,13,8378,125.0,15.0,30.0,3,1,62.0,3.0
14000398,CV,40,None,Reactive,7.32,146,160,14,8378,125.0,12.0,30.0,3,2,60.0,3.0
A120C093,CV,20,None,Reactive,68.25,1260,1320,60,9633,125.0,15.0,25.0,0,0,,3.0
A120C093,CV,20,None,Reactive,2.67,80,100,20,9633,165.0,15.0,25.0,0,0,,3.0
A120C093,CV,20,None,Reactive,4.4,105,130,25,9633,165.0,15.0,25.0,0,0,,3.0
A120C093,CV,20,None,Reactive,0.71,65,80,15,9633,165.0,15.0,25.0,0,0,,3.0
A120C093,CV,20,None,Reactive,3.51,108,130,22,9633,165.0,12.0,25.0,0,0,,3.0
A120C093,CV,20,None,Reactive,0.65,75,90,15,9633,165.0,12.0,25.0,0,0,,3.0
A120C093,CV,20,None,Reactive,2.7,88,100,12,9633,165.0,12.0,25.0,0,0,,3.0
A120C093,CV,20,None,Reactive,6.32,145,160,15,9633,165.0,12.0,25.0,0,0,,3.0
A120C093,CV,20,None,Reactive,1.71,112,136,24,9633,165.0,12.0,25.0,0,0,,3.0
A120C093,CV,20,None,Reactive,8.11,144,160,16,9633,165.0,12.0,25.0,0,0,,3.0
A120C093,CV,20,None,Reactive,12.54,190,240,50,9633,125.0,12.0,25.0,0,0,,3.0
13000437,CV,30,Raise,Reactive,0.3,60,80,20,3240,155.0,12.0,22.0,3,0,,3.0
13000437,CV,30,Raise,Reactive,1.67,55,70,15,3240,155.0,15.0,22.0,3,1,,3.0
13000437,CV,30,Raise,Reactive,1.92,52,70,18,3240,155.0,20.0,22.0,3,1,,3.0
13000437,CV,30,Raise,Reactive,0.54,50,70,20,3240,155.0,15.0,22.0,3,1,,3.0
13000437,CV,30,Raise,Reactive,1.32,55,70,15,3240,155.0,15.0,22.0,3,1,,3.0
13000437,CV,30,Raise,Reactive,5.26,52,70,18,3240,155.0,15.0,22.0,3,3,,3.0
13000437,CV,30,Raise,Reactive,0.92,55,70,15,3240,155.0,15.0,22.0,3,1,,3.0
13000437,CV,30,Raise,Reactive,86.02,516,540,24,3240,155.0,15.0,22.0,3,0,,3.0
13000437,CV,30,Raise,Reactive,3.29,52,70,18,3240,155.0,12.0,22.0,3,1,,3.0
A150C549,ST,50,None,Reactive,34.0,140,160,20,2300,125.0,15.0,30.0,2,0,,3.0
A150C549,ST,50,None,Reactive,18.7,117,177,60,2300,155.0,12.0,30.0,2,2,,3.0
A150C549,ST,50,None,Reactive,12.71,60,70,10,2300,155.0,12.0,30.0,2,0,,3.0
A150C549,ST,50,None,Reactive,34.0,142,150,8,2480,125.0,15.0,30.0,1,1,,3.0
A150C549,ST,50,None,Reactive,18.7,80,100,20,2480,125.0,12.0,30.0,1,1,,3.0
A150C549,ST,50,None,Reactive,12.71,62,80,18,2480,125.0,12.0,30.0,1,1,,3.0
140324,ST,40,None,Pigment,13.28,40,50,10,712,195.0,10.0,35.0,2,2,,1.0
140324,ST,40,None,Pigment,0.65,35,50,15,712,125.0,12.0,35.0,2,1,,1.0
140324,ST,40,None,Pigment,3.62,50,65,15,712,125.0,10.0,35.0,2,1,,1.0
140324,ST,40,None,Pigment,13.62,40,57,17,712,125.0,12.0,35.0,2,1,,1.0
140324,ST,40,None,Pigment,39.31,104,134,30,712,125.0,10.0,35.0,2,0,,1.0
140324,ST,40,None,Pigment,1.51,35,50,15,712,125.0,12.0,35.0,2,0,,1.0
140324,ST,40,None,Pigment,1.57,40,55,15,712,125.0,10.0,35.0,2,0,,1.0
140324,ST,40,None,Pigment,17.79,41,61,20,712,125.0,10.0,35.0,2,1,,1.0
A120C093,CV,20,None,Pigment,0.27,40,50,10,12800,155.0,12.0,45.0,0,0,,1.0
A120C093,CV,20,None,Pigment,3.03,85,100,15,12800,155.0,12.0,45.0,0,0,,1.0
A120C093,CV,20,None,Pigment,0.33,40,50,10,12800,155.0,12.0,45.0,0,0,,1.0
A120C093,CV,20,None,Pigment,3.35,120,125,5,12800,125.0,12.0,45.0,0,0,,1.0
A120C093,CV,20,None,Pigment,2.88,54,80,26,12800,155.0,12.0,45.0,0,0,,1.0
A120C093,CV,20,None,Pigment,4.93,110,120,10,12800,125.0,10.0,45.0,0,0,,1.0
A130Q536,CT,30,Raise,Pigment,0.52,25,53,28,1700,195.0,12.0,40.0,1,1,,1.0
A130D536,CT,30,Raise,Pigment,1.73,25,55,30,1700,195.0,12.0,40.0,1,1,,1.0
A130D536,CT,30,Raise,Pigment,1.05,23,55,32,1700,195.0,12.0,40.0,1,1,,1.0
A130D536,CT,30,Raise,Pigment,0.73,21,50,29,1700,195.0,12.0,40.0,1,0,,1.0
A130D536,CT,30,Raise,Pigment,1.21,23,47,24,1700,195.0,12.0,40.0,1,0,,1.0
A130D536,CT,30,Raise,Pigment,1.52,25,40,15,1700,195.0,12.0,40.0,1,0,,1.0
140324,ST,40,None,Pigment,2.19,60,80,20,10910,165.0,6.0,40.0,1,1,,1.0
140324,ST,40,None,Pigment,62.61,810,850,40,10910,125.0,10.0,40.0,1,1,,1.0
140324,ST,40,None,Pigment,2.66,60,70,10,10910,125.0,10.0,40.0,1,1,,1.0
140324,ST,40,None,Pigment,1.39,50,65,15,10910,125.0,10.0,40.0,1,1,,1.0
140324,ST,40,None,Pigment,0.93,55,70,15,10910,125.0,10.0,40.0,1,1,,1.0
140324,ST,40,None,Pigment,8.03,120,140,20,10910,125.0,8.0,40.0,1,1,,1.0
140324,ST,40,None,Pigment,7.57,115,135,20,10910,125.0,8.0,40.0,1,1,,1.0
140324,ST,40,None,Pigment,2.92,70,80,10,10910,125.0,8.0,40.0,1,1,,1.0
140324,ST,40,None,Pigment,0.7,50,65,15,10910,125.0,8.0,40.0,1,1,,1.0
A160B551,ST,60,None,Discharge,1.74,26,40,14,2025,125.0,8.0,50.0,2,0,55.0,1.0
A160B551,ST,60,None,Discharge,8.41,25,70,45,2025,125.0,10.0,50.0,2,2,60.0,1.0
18000035,PC,80,None,Discharge,4.99,32,50,18,1900,155.0,10.0,20.0,1,1,,1.0
18000035,PC,80,None,Discharge,1.09,28,48,20,1900,155.0,8.0,20.0,1,1,,1.0
A132B147,CV,32,None,Reactive,36.57,1970,2000,30,24734,125.0,15.0,30.0,2,2,75.0,1.0
A132B147,CV,32,None,Reactive,21.32,680,720,40,24734,125.0,15.0,30.0,2,2,70.0,1.0
A132B147,CV,32,None,Reactive,7.13,340,360,20,24734,125.0,12.0,30.0,2,1,72.0,1.0
A132B147,CV,32,None,Reactive,14.25,450,480,30,24734,125.0,12.0,30.0,2,0,78.0,1.0
A132B147,CV,32,None,Reactive,17.52,800,840,40,24734,125.0,12.0,30.0,2,0,80.0,1.0
14000398,CV,40,None,Reactive,1.01,76,96,20,1200,155.0,12.0,30.0,4,4,70.0,1.0
14000398,CV,40,None,Reactive,85.23,210,240,30,1200,155.0,12.0,30.0,4,4,65.0,1.0
A130B652,V,30,None,Reactive,20.06,220,250,30,6100,125.0,15.0,30.0,3,2,62.0,1.0
A130B652,V,30,None,Reactive,16.63,230,250,20,6100,125.0,15.0,30.0,3,2,65.0,1.0
A130B652,V,30,None,Reactive,25.06,265,290,25,6100,125.0,15.0,30.0,3,3,65.0,1.0
A130B652,V,30,None,Reactive,39.48,390,410,20,6100,125.0,15.0,30.0,3,1,64.0,1.0
A130B680,V,30,None,Reactive,60.65,340,360,20,2412,125.0,15.0,30.0,2,2,,1.0
A130B680,V,30,None,Reactive,27.15,170,190,20,2412,125.0,15.0,30.0,2,2,,1.0
A130B680,V,30,None,Reactive,14.76,110,130,20,2412,125.0,10.0,30.0,2,2,,1.0
A130D001,V,30,None,Reactive,36.25,310,340,30,4100,125.0,20.0,30.0,2,2,,1.0
A130D001,V,30,None,Reactive,25.36,200,200,0,4100,125.0,15.0,30.0,2,1,,1.0
A130D001,V,30,None,Reactive,40.22,260,290,30,4100,125.0,12.0,30.0,2,1,,1.0
A145A279,SPC,45,None,Pigment,13.46,290,300,10,11980,165.0,6.0,45.0,1,1,108.0,1.0
A145A279,SPC,45,None,Pigment,24.15,460,480,20,11980,165.0,8.0,45.0,1,0,100.0,1.0
A132A744,CV,32,None,Reactive,10.01,188,210,22,6000,125.0,15.0,30.0,3,3,65.0,1.0
A132A744,CV,32,None,Reactive,11.85,193,218,25,6000,125.0,12.0,30.0,3,3,64.0,1.0
A132A744,CV,32,None,Reactive,31.47,358,385,27,6000,125.0,12.0,30.0,3,2,70.0,1.0
A132A744,CV,32,None,Reactive,2.71,52,70,18,6000,125.0,12.0,30.0,3,1,72.0,1.0
13200046,CV,32,None,Reactive,3.64,155,180,25,9515,125.0,12.0,35.0,0,0,,1.0
13200046,CV,32,None,Reactive,8.23,160,180,20,9515,125.0,10.0,35.0,0,0,,1.0
13200046,CV,32,None,Reactive,48.91,811,840,29,9515,125.0,12.0,35.0,0,0,,1.0
13200046,CV,32,None,Reactive,6.82,132,150,18,9515,125.0,10.0,35.0,0,0,,1.0
13200046,CV,32,None,Reactive,14.35,214,240,26,9515,155.0,10.0,35.0,0,0,,1.0
13200046,CV,32,None,Reactive,16.24,222,240,18,9515,155.0,10.0,35.0,0,0,,1.0
18000035,PC,80,None,Discharge,1.21,35,50,15,1870,195.0,8.0,25.0,2,0,,2.0
18000035,PC,80,None,Discharge,1.21,38,53,15,1870,195.0,8.0,25.0,2,2,,2.0
150264,CT,50,None,Discharge,6.13,45,60,15,4190,165.0,8.0,45.0,2,2,65.0,2.0
150264,CT,50,None,Discharge,3.76,45,60,15,4190,165.0,8.0,45.0,2,2,65.0,2.0
150264,CT,50,None,Discharge,4.02,40,50,10,4190,165.0,6.0,45.0,2,0,62.0,2.0
132144,ST,32,Peach,Pigment,27.83,280,330,50,3765,165.0,8.0,60.0,2,2,,2.0
132144,ST,32,Peach,Pigment,41.9,346,360,14,3960,165.0,8.0,40.0,0,0,84.0,2.0
11600084,ST,60,Peach,Pigment,34.0,132,150,18,2020,125.0,15.0,40.0,0,0,89.0,2.0
11600084,ST,60,Peach,Pigment,39.0,130,150,20,2020,125.0,15.0,40.0,0,0,84.0,2.0
A130A343,T,30,None,Pigment,1.49,36,50,14,3220,195.0,10.0,50.0,0,0,92.0,2.0
13000391,CT,30,None,Discharge,5.76,66,84,18,5520,165.0,8.0,45.0,0,0,84.0,2.0
16000314,CT,60,None,Discharge,1.1,32,50,18,2660,155.0,8.0,40.0,0,0,,2.0
16000314,CT,60,None,Discharge,0.75,30,50,20,2660,155.0,10.0,40.0,0,0,,2.0
16000314,CT,60,None,Discharge,0.81,33,50,17,2660,165.0,12.0,40.0,0,0,,2.0
13000437,CV,30,Raise,Pigment,0.19,85,100,15,24260,125.0,15.0,45.0,3,0,,2.0
13000437,CV,30,Raise,Pigment,0.72,82,100,18,24260,125.0,15.0,45.0,3,0,,2.0
13000437,CV,30,Raise,Pigment,0.05,81,100,19,24260,125.0,15.0,45.0,3,0,,2.0
13000437,CV,30,Raise,Pigment,0.43,80,100,20,24260,125.0,15.0,45.0,3,2,,2.0
13000437,CV,30,Raise,Pigment,0.93,85,100,15,24260,125.0,15.0,45.0,3,1,,2.0
13000437,CV,30,Raise,Pigment,0.76,81,100,19,24260,125.0,15.0,45.0,3,2,,2.0
13000437,CV,30,Raise,Pigment,0.33,78,100,22,24260,125.0,20.0,45.0,3,0,,2.0
13000437,CV,30,Raise,Pigment,0.47,85,110,25,24260,125.0,15.0,45.0,3,1,,2.0
13000437,CV,30,Raise,Pigment,0.41,94,118,24,24260,125.0,12.0,45.0,3,3,,2.0
13257,ST,32,None,Pigment,10.34,48,60,12,1500,165.0,10.0,30.0,4,1,,2.0
13257,ST,32,None,Pigment,24.84,78,100,22,1500,125.0,10.0,30.0,4,1,,2.0
13257,ST,32,None,Pigment,14.5,42,60,18,1500,125.0,12.0,30.0,4,3,,2.0
13257,ST,32,None,Pigment,31.91,82,107,25,1500,125.0,12.0,30.0,4,2,,2.0
13257,ST,32,None,Pigment,8.7,39,66,27,1500,125.0,12.0,30.0,4,4,,2.0
A160B738,CT,60,None,Pigment,4.56,30,50,20,1200,195.0,8.0,45.0,0,0,,2.0
A160B738,CT,60,None,Pigment,5.2,30,50,20,1200,195.0,10.0,45.0,0,0,,2.0
A160B738,CT,60,None,Discharge,4.65,40,60,20,1414,195.0,10.0,40.0,0,0,,2.0
A160B738,CT,60,None,Discharge,5.2,20,50,30,1414,195.0,8.0,40.0,0,0,,2.0
A160B535,CT,60,None,Pigment,0.21,40,50,10,7460,165.0,8.0,50.0,2,2,,2.0
A160B535,CT,60,None,Pigment,0.26,36,55,19,7460,165.0,8.0,50.0,2,2,,2.0
140324,ST,40,None,Pigment,6.42,50,70,20,2112,195.0,6.0,35.0,1,1,,2.0
140324,ST,40,None,Pigment,52.18,170,220,50,2112,155.0,12.0,35.0,1,0,,2.0
140324,ST,40,None,Pigment,52.42,172,232,60,2112,155.0,8.0,35.0,1,0,,2.0
A160B604,ST,60,None,Pigment,50.05,300,360,60,5120,165.0,10.0,35.0,1,1,,2.0
A140D660,SPC,40,None,Pigment,2.67,32,50,18,2141,165.0,6.0,45.0,0,0,,2.0
A140D660,SPC,40,None,Pigment,2.67,31,50,19,2141,165.0,6.0,45.0,0,0,,2.0
140324,ST,40,None,Pigment,9.93,96,106,10,2335,165.0,8.0,40.0,2,2,,2.0
13000437,CV,30,Raise,Pigment,1.62,35,50,15,3795,125.0,15.0,30.0,0,0,,2.0
13000437,CV,30,Raise,Pigment,1.84,35,50,15,3795,125.0,20.0,30.0,0,0,,2.0
13000437,CV,30,Raise,Pigment,2.4,30,50,20,3795,125.0,20.0,30.0,0,0,,2.0
140324,ST,40,None,Pigment,9.93,68,78,10,2244,165.0,8.0,45.0,2,2,,2.0
A140C096,CT,40,None,Pigment,11.03,40,60,20,1380,125.0,10.0,35.0,1,1,,2.0
A140C096,CT,40,None,Pigment,13.54,45,60,15,1380,125.0,10.0,35.0,1,0,,2.0
A140C096,CT,40,None,Pigment,8.53,35,50,15,1380,125.0,10.0,35.0,1,0,,2.0
A140C096,CT,40,None,Pigment,5.83,30,50,20,1380,125.0,10.0,35.0,1,0,,2.0
140D660,SPC,40,None,Pigment,9.63,85,115,30,5260,195.0,6.0,80.0,0,0,,2.0
A130D536,CT,30,Raise,Pigment,0.52,37,55,18,1600,195.0,12.0,35.0,0,0,,2.0
A130D536,CT,30,Raise,Pigment,1.73,35,50,15,1600,195.0,12.0,35.0,0,0,,2.0
A130D536,CT,30,Raise,Pigment,1.05,40,53,13,1600,195.0,12.0,35.0,0,0,,2.0
A130D536,CT,30,Raise,Pigment,0.73,41,56,15,1600,195.0,12.0,35.0,0,0,,2.0
A130D536,CT,30,Raise,Pigment,1.21,31,50,19,1600,195.0,12.0,35.0,0,0,,2.0
A130D536,CT,30,Raise,Pigment,1.52,33,50,17,1600,195.0,12.0,35.0,0,0,,2.0
A150D080,CT,50,None,Pigment,3.76,45,60,15,1610,195.0,10.0,65.0,0,0,,2.0
A150D080,CT,50,None,Pigment,4.66,55,70,15,1650,195.0,10.0,50.0,0,0,70.0,2.0
A150C944,ST,50,None,Pigment,4.66,40,60,20,1290,195.0,8.0,35.0,1,1,68.0,2.0
18000035,PC,80,None,Discharge,4.99,45,75,30,4135,155.0,10.0,20.0,2,2,,2.0
18000035,PC,80,None,Discharge,1.09,15,40,25,4135,155.0,10.0,20.0,2,0,,2.0
A130B609,V,30,None,Reactive,63.11,430,480,50,5270,165.0,15.0,25.0,2,2,,2.0
A130B609,V,30,None,Reactive,45.22,350,360,10,5270,125.0,15.0,25.0,2,0,,2.0
18006,CT,80,None,Pigment,6.58,145,170,25,11322,165.0,8.0,50.0,3,0,,2.0
18006,CT,80,None,Pigment,4.45,129,160,31,11322,165.0,10.0,50.0,3,3,,2.0
18006,CT,80,None,Pigment,7.29,138,160,22,11322,165.0,8.0,50.0,3,0,,2.0
13257,ST,32,Peach,Pigment,29.14,110,120,10,2340,125.0,15.0,35.0,1,1,,2.0
13257,ST,32,Peach,Pigment,20.45,90,100,10,2340,125.0,15.0,35.0,1,1,,2.0
13257,ST,32,Peach,Pigment,16.8,75,90,15,2340,125.0,15.0,35.0,1,1,,2.0
A150C549,ST,50,None,Pigment,25.2,92,110,18,1515,155.0,10.0,35.0,1,1,82.0,2.0
A150C549,ST,50,None,Pigment,25.56,90,110,20,1515,155.0,12.0,35.0,1,0,86.0,2.0
A150C549,ST,50,None,Pigment,21.98,75,90,15,1515,155.0,10.0,35.0,1,0,84.0,2.0
A130B652,V,30,None,Reactive,24.14,470,500,30,10830,125.0,15.0,30.0,0,0,70.0,2.0
A130B652,V,30,None,Reactive,16.61,355,370,15,10830,125.0,15.0,30.0,0,0,68.0,2.0
A130B652,V,30,None,Reactive,38.02,460,480,20,10830,125.0,15.0,30.0,0,0,75.0,2.0
A130B652,V,30,None,Reactive,22.28,350,360,10,10830,125.0,12.0,30.0,0,0,70.0,2.0
13200046,CV,32,None,Reactive,66.8,2680,2820,140,21250,125.0,15.0,25.0,3,1,65.0,3.0
13200046,CV,32,None,Reactive,3.91,172,240,68,21250,155.0,15.0,25.0,3,1,78.0,3.0
13200046,CV,32,None,Reactive,3.14,142,180,38,21250,155.0,15.0,25.0,3,1,92.0,3.0
13200046,CV,32,None,Reactive,0.68,103,150,47,21250,155.0,15.0,25.0,3,0,68.0,3.0
13200046,CV,32,None,Reactive,3.92,238,360,122,21250,155.0,12.0,25.0,3,0,72.0,3.0
13200046,CV,32,None,Reactive,0.78,90,150,60,21250,155.0,12.0,25.0,3,0,80.0,3.0
13200046,CV,32,None,Reactive,5.86,237,300,63,21250,155.0,12.0,25.0,3,3,85.0,3.0
13200046,CV,32,None,Reactive,3.02,136,250,114,21250,155.0,12.0,25.0,3,0,80.0,3.0
13200046,CV,32,None,Reactive,7.86,248,300,52,21250,155.0,12.0,25.0,3,2,90.0,3.0
13200046,CV,32,None,Reactive,2.09,50,110,60,21250,155.0,12.0,25.0,3,0,82.0,3.0
13200046,CV,32,None,Reactive,13.14,378,420,42,21250,125.0,12.0,25.0,3,0,88.0,3.0
A120C093,CV,20,None,Reactive,77.56,785,800,15,5940,125.0,20.0,25.0,2,0,75.0,3.0
A120C093,CV,20,None,Reactive,7.52,124,143,19,5940,155.0,12.0,25.0,2,2,80.0,3.0
A120C093,CV,20,None,Reactive,16.17,50,120,70,5940,125.0,12.0,25.0,2,2,80.0,3.0
132144,ST,32,Peach,Pigment,6.31,61,80,19,3850,195.0,8.0,40.0,1,1,60.0,2.0
132144,ST,32,Peach,Pigment,21.35,248,270,22,3190,165.0,8.0,80.0,1,1,70.0,2.0
A150C549,ST,50,None,Pigment,21.14,111,130,19,2380,165.0,8.0,35.0,2,1,70.0,2.0
A150C549,ST,50,None,Pigment,49.75,215,240,25,2380,155.0,12.0,35.0,2,2,62.0,2.0
A150C549,ST,50,None,Pigment,5.79,56,80,24,2380,125.0,8.0,35.0,2,2,68.0,2.0
A150C549,ST,50,None,Pigment,14.64,82,100,18,2380,125.0,8.0,35.0,2,2,65.0,2.0
16000314,CT,60,None,Reactive,48.35,109,123,14,650,165.0,12.0,30.0,0,0,70.0,2.0
16000314,CT,60,Peach,Reactive,3.73,35,50,15,650,165.0,8.0,30.0,0,0,75.0,2.0
16000314,CT,60,Peach,Reactive,4.92,70,88,18,650,165.0,12.0,30.0,0,0,72.0,2.0
16000314,CT,60,Peach,Reactive,32.33,169,189,20,650,165.0,12.0,30.0,0,0,70.0,2.0
A145A279,SPC,45,None,Pigment,5.39,48,80,32,2535,165.0,6.0,60.0,4,4,105.0,2.0
A145A279,SPC,45,None,Pigment,3.08,34,70,36,2535,165.0,6.0,60.0,4,1,120.0,2.0
A145A279,SPC,45,None,Pigment,18.43,110,150,40,2535,165.0,6.0,60.0,4,4,97.0,2.0
A150C971,GSCN,50,None,Pigment,6.56,40,50,10,1125,165.0,6.0,40.0,4,4,112.0,2.0
A150C071,GSCN,50,None,Pigment,0.58,35,53,18,1125,155.0,6.0,40.0,4,4,125.0,2.0
A132B006,CT,32,Peach,Pigment,29.39,174,200,26,3638,125.0,12.0,30.0,4,2,107.0,2.0
A132B006,CT,32,Peach,Pigment,54.8,350,373,23,3638,125.0,12.0,30.0,4,4,68.0,2.0
A132B006,CT,32,Peach,Pigment,8.94,76,94,18,3638,125.0,10.0,30.0,4,4,65.0,2.0
120G88,CT,20,None,Pigment,38.12,211,230,19,2200,125.0,15.0,30.0,2,2,99.0,2.0
120G88,CT,20,None,Pigment,37.21,178,200,22,2200,125.0,15.0,30.0,2,1,67.0,2.0
120G88,CT,20,None,Pigment,18.53,111,138,27,2200,125.0,15.0,30.0,2,2,67.0,2.0
A140C538,CT,40,None,Pigment,4.19,37,50,13,1350,165.0,12.0,40.0,0,0,70.0,2.0
A140C538,CT,40,None,Pigment,3.2,35,50,15,1740,165.0,10.0,40.0,0,0,75.0,2.0
A140C538,CT,40,None,Pigment,3.19,38,50,12,1385,155.0,8.0,35.0,0,0,62.0,2.0
A140C538,CT,40,None,Pigment,9.09,32,50,18,1340,165.0,8.0,40.0,0,0,62.0,2.0
A140C538,CT,40,None,Pigment,3.46,27,40,13,1422,165.0,8.0,60.0,1,1,86.0,2.0
A140C537,CT,40,None,Pigment,3.45,38,50,12,1785,155.0,8.0,45.0,1,1,65.0,2.0
14500101,V,45,None,Pigment,29.32,147,170,23,2738,155.0,12.0,35.0,3,3,90.0,2.0
160A63,ST,60,None,Discharge,1.25,38,55,17,4538,195.0,6.0,40.0,1,1,38.0,2.0
160A63,ST,60,None,Discharge,0.16,30,50,20,4538,195.0,8.0,40.0,1,1,60.0,2.0
160A63,ST,60,None,Pigment,1.25,28,50,22,3700,195.0,8.0,35.0,1,1,107.0,2.0
160A63,ST,60,None,Pigment,0.16,24,50,26,3700,195.0,8.0,35.0,1,1,88.0,2.0
140324,ST,40,None,Pigment,2.19,75,100,25,13100,165.0,6.0,50.0,2,0,86.0,2.0
140324,ST,40,None,Pigment,62.61,665,1200,535,13100,125.0,10.0,50.0,2,2,92.0,2.0
140324,ST,40,None,Pigment,2.66,50,100,50,13100,125.0,10.0,50.0,2,0,70.0,2.0
140324,ST,40,None,Pigment,1.39,40,80,40,13100,125.0,10.0,50.0,2,0,82.0,2.0
140324,ST,40,None,Pigment,0.93,47,70,23,13100,125.0,10.0,50.0,2,1,82.0,2.0
140324,ST,40,None,Pigment,8.03,126,180,54,13100,125.0,8.0,50.0,2,2,75.0,2.0
140324,ST,40,None,Pigment,7.57,110,200,90,13100,125.0,8.0,50.0,2,1,75.0,2.0
140324,ST,40,None,Pigment,2.92,54,100,46,13100,125.0,8.0,50.0,2,0,72.0,2.0
140324,ST,40,None,Pigment,0.71,32,90,58,13100,125.0,8.0,50.0,2,0,80.0,2.0
A150D079,CT,50,None,Pigment,0.45,38,60,22,4780,195.0,6.0,40.0,1,1,65.0,2.0
A150D079,CT,50,None,Pigment,0.46,42,60,18,4912,195.0,8.0,80.0,1,1,78.0,2.0
A150D067,ST,50,None,Discharge,2.8,25,40,15,630,195.0,8.0,30.0,0,0,65.0,2.0
132144,ST,32,Peach,Pigment,21.35,90,102,12,1650,165.0,6.0,45.0,2,2,56.0,2.0
A120C093,CV,20,None,Reactive,0.23,58,80,22,4980,195.0,10.0,30.0,2,0,52.0,2.0
A120C093,CV,20,None,Reactive,2.15,65,90,25,4980,195.0,12.0,30.0,2,0,58.0,2.0
A120C093,CV,20,None,Reactive,3.97,82,100,18,4980,195.0,12.0,30.0,2,2,65.0,2.0
A120C093,CV,20,None,Reactive,6.23,105,120,15,4980,195.0,12.0,30.0,2,0,52.0,2.0
A120C093,CV,20,None,Reactive,7.89,133,150,17,4980,125.0,12.0,30.0,2,1,68.0,2.0
A120C093,CV,20,None,Reactive,4.17,78,100,22,4980,155.0,12.0,30.0,2,0,81.0,2.0
A150C944,ST,50,None,Pigment,5.06,46,60,14,1570,155.0,8.0,40.0,0,0,78.0,2.0
150G07,ST,50,Peach,Pigment,27.3,200,250,50,4000,195.0,8.0,45.0,2,2,40.0,2.0
150264,CT,50,None,Pigment,15.22,53,70,17,1150,155.0,15.0,30.0,1,1,40.0,2.0
A120C093,CV,20,None,Reactive,68.47,832,860,28,6270,125.0,20.0,33.0,2,2,76.0,3.0
A120C093,CV,20,None,Reactive,14.35,185,210,25,6270,125.0,12.0,33.0,2,2,72.0,3.0
A120C093,CV,20,None,Reactive,3.31,70,87,17,6270,125.0,12.0,33.0,2,0,70.0,3.0
A120C093,CV,20,None,Reactive,19.33,245,260,15,6270,125.0,12.0,33.0,2,0,72.0,3.0
A120C093,CV,20,None,Reactive,28.99,189,200,11,3130,125.0,20.0,35.0,3,1,72.0,3.0
A120C093,CV,20,None,Reactive,17.31,108,120,12,3130,125.0,12.0,35.0,3,3,75.0,3.0
A120C093,CV,20,None,Reactive,8.3,65,80,15,3130,125.0,12.0,35.0,3,0,79.0,3.0
A120C093,CV,20,None,Reactive,3.68,59,94,35,3130,125.0,12.0,35.0,3,0,83.0,3.0
A120C093,CV,20,None,Reactive,3.06,59,83,24,3130,125.0,10.0,35.0,3,2,85.0,3.0
A120C093,CV,20,None,Reactive,4.1,69,98,29,3130,125.0,10.0,35.0,3,2,80.0,3.0
A120C093,CV,20,None,Reactive,7.37,106,134,28,3130,125.0,10.0,35.0,3,2,87.0,3.0
A120C093,CV,20,None,Reactive,55.68,309,330,21,2931,165.0,20.0,30.0,1,0,68.0,3.0
A120C093,CV,20,None,Reactive,10.55,86,100,14,2931,165.0,12.0,30.0,1,0,74.0,3.0
A120C093,CV,20,None,Reactive,8.12,92,110,18,2931,155.0,12.0,30.0,1,1,75.0,3.0
A120C093,CV,20,None,Reactive,9.51,68,80,12,2931,155.0,12.0,30.0,1,0,85.0,3.0
A150D067,ST,50,None,Discharge,2.8,22,47,25,587,195.0,10.0,30.0,1,1,42.0,3.0
A160A742,JM,60,None,Reactive,55.7,163,180,17,1710,155.0,15.0,30.0,3,3,71.0,3.0
14500101,V,45,None,Reactive,30.34,459,480,21,10103,125.0,15.0,30.0,2,0,68.0,1.0
14500101,V,45,None,Reactive,5.8,122,140,18,10103,125.0,15.0,30.0,2,0,66.0,1.0
14500101,V,45,None,Reactive,6.52,145,160,15,10103,165.0,12.0,30.0,2,2,65.0,1.0
14500101,V,45,None,Reactive,9.38,138,160,22,10103,165.0,12.0,30.0,2,0,70.0,1.0
A150D067,ST,50,None,Discharge,2.8,47,79,32,900,195.0,10.0,30.0,4,4,90.0,1.0
A120C093,CV,20,None,Pigment,3.66,80,100,20,9100,125.0,8.0,40.0,1,0,95.0,1.0
A120C093,CV,20,None,Pigment,9.95,192,220,28,9100,125.0,10.0,40.0,1,0,70.0,1.0
A120C093,CV,20,None,Pigment,3.6,82,100,18,9100,155.0,10.0,40.0,1,1,68.0,1.0
16000314,CT,60,None,Discharge,1.1,32,50,18,3100,155.0,8.0,30.0,0,0,58.0,1.0
16000314,CT,60,None,Discharge,0.75,20,50,30,3100,155.0,10.0,30.0,0,0,52.0,1.0
16000314,CT,60,None,Discharge,0.8,25,40,15,3100,165.0,12.0,30.0,0,0,52.0,1.0
16000314,CT,60,None,Discharge,1.1,15,45,30,3800,155.0,8.0,30.0,1,0,84.0,1.0
16000314,CT,60,None,Discharge,0.75,20,45,25,3800,155.0,10.0,30.0,1,1,95.0,1.0
16000314,CT,60,None,Discharge,0.81,10,40,30,3800,165.0,12.0,30.0,1,0,100.0,1.0
A140E129,ST,40,None,Pigment,9.81,160,186,26,9190,125.0,15.0,40.0,2,2,85.0,1.0
A145A279,SPC,45,None,Pigment,53.8,448,480,32,5400,125.0,10.0,60.0,3,3,80.0,1.0
A145A279,SPC,45,None,Pigment,2.39,40,70,30,3400,125.0,8.0,40.0,3,1,75.0,1.0
A145A280,SPC,45,None,Pigment,26.26,120,160,40,3400,125.0,10.0,40.0,3,3,80.0,1.0
A145A281,SPC,45,None,Pigment,5.56,65,80,15,3400,125.0,8.0,40.0,3,1,130.0,1.0
A132B147,CV,32,None,Reactive,0.75,55,120,65,24000,165.0,15.0,30.0,3,0,58.0,1.0
A132B147,CV,32,None,Reactive,18.93,815,840,25,24000,155.0,20.0,30.0,3,2,58.0,1.0
A132B147,CV,32,None,Reactive,3.33,130,160,30,24000,155.0,15.0,30.0,3,3,70.0,1.0
A132B147,CV,32,None,Reactive,5.63,316,340,24,24000,165.0,15.0,30.0,3,0,69.0,1.0
A132B147,CV,32,None,Reactive,2.75,140,160,20,24000,155.0,15.0,30.0,3,0,64.0,1.0
A132B147,CV,32,None,Reactive,4.16,217,240,23,24000,155.0,12.0,30.0,3,0,65.0,1.0
A132B147,CV,32,None,Reactive,3.24,145,160,15,24000,155.0,12.0,30.0,3,0,71.0,1.0
A132B147,CV,32,None,Reactive,6.05,222,240,18,24000,155.0,12.0,30.0,3,1,73.0,1.0
A132B147,CV,32,None,Reactive,9.85,335,360,25,24000,155.0,12.0,30.0,3,1,65.0,1.0
A132B147,CV,32,None,Reactive,20.37,650,720,70,24000,155.0,12.0,30.0,3,1,60.0,1.0
13200046,CV,32,None,Reactive,59.74,81,100,19,500,125.0,15.0,35.0,1,0,62.0,3.0
13200046,CV,32,None,Reactive,0.79,19,40,21,500,165.0,15.0,35.0,1,0,68.0,3.0
13200046,CV,32,None,Reactive,8.26,21,40,19,500,155.0,15.0,35.0,1,0,65.0,3.0
13200046,CV,32,None,Reactive,14.5,13,40,27,500,155.0,15.0,35.0,1,1,70.0,3.0
13200046,CV,32,None,Reactive,8.92,18,40,22,500,125.0,15.0,35.0,1,0,68.0,3.0
13200046,CV,32,None,Reactive,2.06,17,40,23,500,125.0,12.0,35.0,1,0,53.0,3.0
A120C093,CV,20,None,Reactive,82.57,800,900,100,6770,125.0,15.0,30.0,3,3,65.0,3.0
A120C093,CV,20,None,Reactive,1.79,52,60,8,6770,125.0,15.0,30.0,3,0,70.0,3.0
A120C093,CV,20,None,Reactive,6.0,84,100,16,6770,125.0,15.0,30.0,3,0,64.0,3.0
A120C093,CV,20,None,Reactive,2.65,45,66,21,6770,125.0,15.0,30.0,3,1,63.0,3.0
A120C093,CV,20,None,Reactive,1.69,48,60,12,6770,125.0,15.0,30.0,3,0,65.0,3.0
A120C093,CV,20,None,Reactive,5.29,88,100,12,6770,125.0,12.0,30.0,3,0,63.0,3.0
A120C093,CV,20,None,Reactive,2.44,69,80,11,6770,125.0,12.0,30.0,3,0,64.0,3.0
13200046,CV,32,None,Reactive,62.38,5500,5600,100,49910,125.0,15.0,30.0,5,0,72.0,3.0
13200046,CV,32,None,Reactive,12.61,1310,1340,30,49910,125.0,12.0,30.0,5,5,72.0,3.0
13200046,CV,32,None,Reactive,26.61,2075,2120,45,49910,125.0,12.0,30.0,5,2,74.0,3.0
A120C093,CV,20,None,Reactive,2.82,24,50,26,750,125.0,12.0,30.0,2,1,73.0,1.0
A120C093,CV,20,None,Reactive,0.19,24,50,26,750,125.0,12.0,30.0,2,0,72.0,1.0
A120C093,CV,20,None,Reactive,5.98,25,50,25,750,165.0,12.0,30.0,2,1,70.0,1.0
A120C093,CV,20,None,Reactive,83.57,98,116,18,750,125.0,12.0,30.0,2,2,65.0,1.0
A120C093,CV,20,None,Reactive,3.47,24,50,26,750,155.0,15.0,30.0,2,2,64.0,1.0
A120C093,CV,20,None,Reactive,5.04,30,50,20,750,155.0,15.0,30.0,2,0,64.0,1.0
A120C093,CV,20,None,Reactive,2.42,22,50,28,750,125.0,12.0,30.0,2,0,62.0,1.0
A132B148,CV,32,None,Reactive,0.23,48,80,32,2400,195.0,10.0,28.0,3,1,62.0,1.0
A132B148,CV,32,None,Reactive,12.15,50,80,30,2400,195.0,15.0,28.0,3,1,65.0,1.0
A132B148,CV,32,None,Reactive,3.97,56,83,27,2400,195.0,15.0,28.0,3,3,66.0,1.0
A132B148,CV,32,None,Reactive,6.23,64,90,26,2400,195.0,15.0,28.0,3,1,68.0,1.0
A132B148,CV,32,None,Reactive,7.89,88,100,12,2400,125.0,20.0,28.0,3,1,68.0,1.0
A132B148,CV,32,None,Reactive,4.17,53,80,27,2400,155.0,15.0,28.0,3,0,70.0,1.0
A140D722,SPC,40,None,Pigment,25.54,114,132,18,2930,165.0,6.0,25.0,3,3,80.0,1.0
A140D722,SPC,40,None,Pigment,5.0,38,60,22,2930,165.0,6.0,25.0,3,3,75.0,1.0
A140D722,SPC,40,None,Pigment,6.15,43,60,17,2930,165.0,6.0,25.0,3,2,78.0,1.0
116414,CT,16,None,Pigment,21.18,85,100,15,1820,125.0,15.0,30.0,3,1,71.0,1.0
116414,CT,16,None,Pigment,31.91,132,150,18,1820,125.0,15.0,30.0,3,3,73.0,1.0
116414,CT,16,None,Pigment,27.57,128,150,22,1820,125.0,15.0,30.0,3,3,80.0,1.0
13200046,CV,32,None,Reactive,62.38,3300,3400,100,30820,125.0,15.0,32.0,2,0,85.0,3.0
13200046,CV,32,None,Reactive,12.61,1040,1080,40,30820,125.0,12.0,32.0,2,1,70.0,3.0
13200046,CV,32,None,Reactive,26.61,1335,1370,35,30820,125.0,12.0,32.0,2,2,85.0,3.0
A132B147,CV,32,None,Reactive,36.57,1411,1440,29,16876,125.0,15.0,35.0,2,0,75.0,3.0
A132B147,CV,32,None,Reactive,21.32,823,840,17,16876,125.0,15.0,35.0,2,1,59.0,3.0
A132B147,CV,32,None,Reactive,7.13,221,240,19,16876,125.0,12.0,35.0,2,0,60.0,3.0
A132B147,CV,32,None,Reactive,14.25,567,600,33,16876,125.0,12.0,35.0,2,2,61.0,3.0
A132B147,CV,32,None,Reactive,17.52,576,600,24,16876,125.0,12.0,35.0,2,1,58.0,3.0
A160A742,JM,60,None,Reactive,55.71,74,92,18,538,155.0,15.0,32.0,1,1,72.0,3.0
A120C093,CV,20,None,Reactive,4.78,80,100,20,4270,165.0,10.0,30.0,3,0,68.0,2.0
A120C093,CV,20,None,Reactive,9.45,82,100,18,4270,155.0,12.0,30.0,3,3,65.0,2.0
A120C093,CV,20,None,Reactive,9.79,88,100,12,4270,155.0,12.0,30.0,3,1,75.0,2.0
A120C093,CV,20,None,Reactive,2.94,75,90,15,4270,155.0,10.0,30.0,3,2,70.0,2.0
A120C093,CV,20,None,Reactive,14.33,98,120,22,4270,155.0,10.0,30.0,3,3,65.0,2.0
132144,ST,32,Peach,Pigment,8.08,49,70,21,1841,195.0,10.0,75.0,0,0,80.0,2.0
A150C944,ST,50,None,Pigment,4.66,32,50,18,1025,195.0,8.0,40.0,0,0,80.0,2.0
132144,ST,32,Peach,Pigment,21.35,182,200,18,3455,165.0,8.0,50.0,0,0,90.0,2.0
A1400058,CT,40,None,Pigment,22.29,55,80,25,1790,165.0,8.0,40.0,1,0,70.0,2.0
A1400058,CT,40,None,Pigment,8.45,38,60,22,1790,125.0,8.0,40.0,1,0,68.0,2.0
A1400058,CT,40,None,Pigment,1.87,42,60,18,1790,155.0,12.0,40.0,1,1,75.0,2.0
13257,ST,32,None,Pigment,10.34,53,80,27,1270,165.0,10.0,30.0,2,1,75.0,2.0
13257,ST,32,None,Pigment,24.84,88,120,32,1270,125.0,10.0,30.0,2,1,70.0,2.0
13257,ST,32,None,Pigment,14.5,29,60,31,1270,125.0,12.0,30.0,2,1,95.0,2.0
13257,ST,32,None,Pigment,31.9,70,107,37,1270,125.0,12.0,30.0,2,2,84.0,2.0
13257,ST,32,None,Pigment,8.7,28,66,38,1270,125.0,12.0,30.0,2,1,76.0,2.0
A145A279,SPC,45,None,Discharge,4.0,80,100,20,4900,165.0,15.0,30.0,4,4,54.0,2.0
A145A279,SPC,45,None,Discharge,3.16,51,70,19,4900,165.0,12.0,30.0,4,2,70.0,2.0
A132A44,CV,32,None,Reactive,31.09,470,500,30,7325,125.0,12.0,40.0,2,2,76.0,2.0
132144,ST,32,Peach,Pigment,8.08,47,63,16,1740,195.0,8.0,45.0,0,0,32.0,2.0
A130D621,SPC,30,None,Pigment,8.5,78,100,22,2330,125.0,10.0,50.0,1,1,75.0,2.0
A120B045,FX,20,Peach,Pigment,100.0,72,100,28,415,125.0,12.0,30.0,2,2,65.0,2.0
A1400058,CT,40,None,Discharge,42.62,198,220,22,1930,125.0,8.0,35.0,1,1,,2.0
A1400058,CT,40,None,Discharge,7.45,36,50,14,1930,125.0,8.0,35.0,1,0,,2.0
A1400058,CT,40,None,Discharge,3.11,34,52,18,1930,125.0,8.0,35.0,1,1,,2.0
A160B684,CT,60,None,Pigment,1.84,22,40,18,1435,155.0,8.0,40.0,1,1,62.0,2.0
A160B684,CT,60,None,Pigment,2.09,18,40,22,1435,155.0,8.0,40.0,1,0,62.0,2.0
A160B684,CT,60,None,Pigment,6.33,30,50,20,1435,155.0,8.0,40.0,1,0,65.0,2.0
A160B684,CT,60,None,Pigment,1.84,22,50,28,2460,155.0,8.0,40.0,1,1,67.0,2.0
A160B684,CT,60,None,Pigment,2.09,24,50,26,2460,155.0,10.0,40.0,1,1,56.0,2.0
A160B684,CT,60,None,Pigment,6.33,29,50,21,2460,155.0,8.0,40.0,1,1,53.0,2.0
160A63,ST,60,None,Discharge,1.25,33,50,17,4563,195.0,8.0,50.0,0,0,52.0,2.0
160A63,ST,60,None,Discharge,0.16,27,40,13,4563,195.0,8.0,50.0,0,0,48.0,2.0
16000314,CT,60,None,Discharge,0.1,27,40,13,2650,155.0,8.0,30.0,1,0,80.0,2.0
16000314,CT,60,None,Discharge,0.26,18,40,22,2650,155.0,10.0,30.0,1,0,45.0,2.0
16000314,CT,60,None,Discharge,0.26,23,40,17,2650,165.0,8.0,30.0,1,1,47.0,2.0
A132B006,CT,32,Peach,Pigment,29.39,872,900,28,20200,125.0,12.0,40.0,5,0,101.0,2.0
A132B006,CT,32,Peach,Pigment,54.08,1565,1600,35,20200,125.0,12.0,40.0,5,5,65.0,2.0
A132B006,CT,32,Peach,Pigment,8.94,215,240,25,20200,125.0,10.0,40.0,5,5,80.0,2.0
A132B006,CT,32,Peach,Pigment,10.0,92,118,26,20200,125.0,10.0,40.0,5,2,75.0,2.0
140313,CT,40,None,Pigment,0.74,27,50,23,3100,165.0,12.0,30.0,0,0,82.0,2.0
140313,CT,40,None,Pigment,1.85,32,50,18,3100,125.0,12.0,30.0,0,0,75.0,2.0
140313,CT,40,None,Pigment,5.0,70,80,10,2940,165.0,6.0,80.0,4,4,135.0,2.0
A120C093,CV,20,None,Reactive,0.19,44,70,26,13430,195.0,20.0,27.0,2,1,64.0,1.0
A120C093,CV,20,None,Reactive,2.27,103,130,27,13430,195.0,20.0,27.0,2,2,60.0,1.0
A120C093,CV,20,None,Reactive,5.37,182,200,18,13430,195.0,15.0,27.0,2,1,55.0,1.0
A120C093,CV,20,None,Reactive,6.22,216,230,14,13430,195.0,20.0,27.0,2,0,70.0,1.0
A120C093,CV,20,None,Reactive,7.48,137,160,23,13430,125.0,20.0,27.0,2,0,67.0,1.0
A120C093,CV,20,None,Reactive,5.15,199,220,21,13430,125.0,12.0,27.0,2,0,80.0,1.0
140J17,ST,40,None,Pigment,28.24,131,153,22,2790,125.0,20.0,30.0,4,3,75.0,2.0
140117,ST,40,None,Pigment,37.31,262,287,25,2790,125.0,20.0,30.0,4,4,72.0,2.0
140117,ST,40,None,Pigment,32.22,167,185,18,2790,125.0,20.0,30.0,4,4,70.0,2.0
130C56,ST,30,None,Pigment,45.12,177,194,17,1717,165.0,6.0,70.0,2,2,100.0,2.0
A280A354,ST,40,None,Discharge,5.67,39,60,21,945,165.0,6.0,60.0,2,2,67.0,2.0
A145A387,PC,45,None,Pigment,28.6,274,300,26,7000,125.0,6.0,50.0,2,2,120.0,2.0
A132B147,CV,32,None,Reactive,0.75,100,120,20,23550,165.0,15.0,32.0,4,0,65.0,1.0
A132B147,CV,32,None,Reactive,18.93,750,780,30,23550,155.0,20.0,32.0,4,2,62.0,1.0
A132B147,CV,32,None,Reactive,3.33,155,170,15,23550,155.0,15.0,32.0,4,4,60.0,1.0
A132B147,CV,32,None,Reactive,5.63,220,240,20,23550,165.0,15.0,32.0,4,0,60.0,1.0
A132B147,CV,32,None,Reactive,2.75,150,170,20,23550,155.0,15.0,32.0,4,1,62.0,1.0
A132B147,CV,32,None,Reactive,4.16,180,200,20,23550,155.0,12.0,32.0,4,1,65.0,1.0
A132B147,CV,32,None,Reactive,3.24,200,240,40,23550,155.0,12.0,32.0,4,0,60.0,1.0
A132B147,CV,32,None,Reactive,6.05,340,360,20,23550,155.0,12.0,32.0,4,0,59.0,1.0
A132B147,CV,32,None,Reactive,9.85,200,240,40,23550,155.0,12.0,32.0,4,0,61.0,1.0
A132B147,CV,32,None,Reactive,20.37,570,600,30,23550,155.0,12.0,32.0,4,0,60.0,1.0
140313,CT,40,None,Pigment,5.0,46,56,10,2220,165.0,6.0,55.0,1,1,97.0,2.0
A145A279,SPC,45,None,Discharge,4.0,129,155,26,10537,165.0,8.0,35.0,2,2,65.0,2.0
A145A279,SPC,45,None,Discharge,3.16,120,140,20,10537,165.0,10.0,35.0,2,0,60.0,2.0
A132A901,ST,32,Peach,Pigment,8.89,435,451,16,27400,155.0,12.0,55.0,1,1,105.0,2.0
A132A901,ST,32,Peach,Pigment,48.0,1003,1032,29,13141,195.0,8.0,35.0,2,2,76.0,2.0
13257,ST,32,None,Pigment,1.71,30,50,20,2640,195.0,10.0,35.0,3,0,88.0,2.0
13257,ST,32,None,Pigment,2.54,28,50,22,2640,195.0,8.0,35.0,3,2,88.0,2.0
13257,ST,32,None,Pigment,2.25,27,50,23,2640,195.0,8.0,35.0,3,0,80.0,2.0
13257,ST,32,None,Pigment,7.11,56,80,24,2640,195.0,8.0,35.0,3,1,85.0,2.0
13257,ST,32,None,Pigment,16.19,117,140,23,2640,195.0,10.0,35.0,3,3,87.0,2.0
13257,ST,32,None,Pigment,66.56,193,220,27,2640,195.0,8.0,35.0,3,1,95.0,2.0
A145A279,SPC,45,None,Pigment,2.98,37,62,25,5540,155.0,10.0,50.0,1,1,82.0,2.0
A145A279,SPC,45,None,Pigment,1.28,23,50,27,5540,155.0,10.0,50.0,1,0,86.0,2.0
160A63,ST,60,None,Discharge,1.25,27,40,13,1039,195.0,8.0,50.0,1,1,53.0,2.0
160A63,ST,60,None,Discharge,0.16,23,40,17,1039,195.0,8.0,50.0,1,1,46.0,2.0
140313,CT,40,None,Discharge,4.93,67,83,16,5300,165.0,6.0,70.0,3,3,57.0,2.0
A2A0A621,CT,50,None,Pigment,0.74,32,60,28,2150,195.0,8.0,60.0,1,1,90.0,2.0
A120C093,CV,20,None,Pigment,0.27,19,60,41,16950,155.0,10.0,40.0,2,1,75.0,2.0
A120C093,CV,20,None,Pigment,3.03,76,120,44,16950,155.0,10.0,40.0,2,1,68.0,2.0
A120C093,CV,20,None,Pigment,0.33,18,60,42,16950,155.0,10.0,40.0,2,0,70.0,2.0
A120C093,CV,20,None,Pigment,3.35,122,150,28,16950,125.0,10.0,40.0,2,2,75.0,2.0
A120C093,CV,20,None,Pigment,2.88,86,120,34,16950,155.0,10.0,40.0,2,1,70.0,2.0
A120C093,CV,20,None,Pigment,4.93,157,200,43,16950,125.0,10.0,40.0,2,2,68.0,2.0
14015,CT,40,None,Pigment,7.77,33,50,17,960,165.0,8.0,50.0,0,0,105.0,2.0
130C56,ST,30,None,Pigment,23.74,83,110,27,1750,195.0,6.0,35.0,1,1,105.0,2.0
120H89,ST,20,Peach,Pigment,14.95,80,90,10,1253,195.0,8.0,50.0,3,3,65.0,2.0
A150D067,ST,50,None,Pigment,2.8,55,70,15,1600,195.0,12.0,45.0,3,3,80.0,2.0
A2A0A621,CT,50,None,Pigment,0.74,27,50,23,2260,195.0,8.0,40.0,2,2,80.0,2.0
120H89,ST,20,Peach,Pigment,14.95,68,85,17,1310,195.0,8.0,45.0,3,3,89.0,2.0
130K00,ST,30,None,Pigment,9.19,49,72,23,1625,195.0,6.0,35.0,1,1,95.0,2.0
A2A0A621,CT,50,None,Pigment,0.74,20,40,20,1975,195.0,8.0,50.0,1,1,89.0,2.0
130C56,ST,30,None,Pigment,45.12,181,186,5,1630,165.0,6.0,50.0,4,4,76.0,2.0
130176,CT,30,Peach,Pigment,51.0,137,166,29,1357,125.0,8.0,60.0,3,3,126.0,2.0
140313,CT,40,None,Discharge,1.01,14,40,26,1270,165.0,20.0,40.0,2,1,94.0,2.0
140313,CT,40,None,Discharge,5.36,21,40,19,1270,155.0,8.0,40.0,2,2,42.0,2.0
140313,CT,40,None,Discharge,0.95,20,40,20,1270,165.0,8.0,40.0,2,2,40.0,2.0
140324,ST,40,None,Pigment,1.95,35,50,15,970,195.0,8.0,30.0,3,1,61.0,2.0
140324,ST,40,None,Pigment,18.13,50,64,14,970,155.0,8.0,30.0,3,3,66.0,2.0
140324,ST,40,None,Pigment,62.36,111,173,62,970,125.0,10.0,30.0,3,3,59.0,2.0
140324,ST,40,None,Pigment,0.79,42,60,18,970,155.0,8.0,30.0,3,3,73.0,2.0
140324,ST,40,None,Pigment,5.82,27,50,23,970,155.0,8.0,30.0,3,2,80.0,2.0
140324,ST,40,None,Pigment,15.47,54,72,18,970,155.0,8.0,30.0,3,3,72.0,2.0
A160B684,CT,60,None,Pigment,1.84,31,50,19,2700,155.0,8.0,40.0,1,1,86.0,2.0
A160B684,CT,60,None,Pigment,2.09,27,50,23,2700,155.0,8.0,40.0,1,1,76.0,2.0
A160B684,CT,60,None,Pigment,6.09,33,50,17,2700,155.0,8.0,40.0,1,1,80.0,2.0
A160B684,CT,60,None,Pigment,1.84,26,50,24,2300,155.0,8.0,40.0,1,0,83.0,2.0
A160B684,CT,60,None,Pigment,2.09,32,50,18,2300,155.0,8.0,40.0,1,1,77.0,2.0
A160B684,CT,60,None,Pigment,6.09,29,50,21,2300,155.0,8.0,40.0,1,0,86.0,2.0
13200046,CV,32,None,Reactive,81.31,670,720,50,5380,155.0,15.0,30.0,1,1,71.0,3.0
13200046,CV,32,None,Reactive,3.73,55,80,25,5380,125.0,15.0,30.0,1,0,70.0,3.0
13200046,CV,32,None,Reactive,0.42,52,80,28,5380,125.0,15.0,30.0,1,0,68.0,3.0
13200046,CV,32,None,Reactive,11.39,98,120,22,5380,125.0,12.0,30.0,1,0,65.0,3.0
13200046,CV,32,None,Reactive,2.43,62,90,28,5380,125.0,12.0,30.0,1,0,66.0,3.0
13200046,CV,32,None,Reactive,2.95,88,110,22,5380,125.0,12.0,30.0,1,1,70.0,3.0
13200046,CV,32,None,Reactive,36.57,402,430,28,5200,125.0,15.0,33.0,1,1,70.0,3.0
13200046,CV,32,None,Reactive,7.95,78,100,22,5200,155.0,12.0,33.0,1,0,75.0,3.0
13200046,CV,32,None,Reactive,16.09,168,180,12,5200,155.0,12.0,33.0,1,0,78.0,3.0
13200046,CV,32,None,Reactive,7.17,91,110,19,5200,125.0,12.0,33.0,1,1,72.0,3.0
13200046,CV,32,None,Reactive,14.23,135,160,25,5200,155.0,12.0,33.0,1,1,80.0,3.0
13200046,CV,32,None,Reactive,17.51,153,180,27,5200,155.0,12.0,33.0,1,0,82.0,3.0
A132A901,ST,32,Peach,Reactive,8.89,228,240,12,12225,155.0,12.0,60.0,0,0,40.0,3.0
A140E042,CT,40,None,Reactive,34.85,160,182,22,1958,125.0,15.0,30.0,3,1,80.0,3.0
A140E042,CT,40,None,Reactive,67.94,271,300,29,1958,125.0,10.0,30.0,3,3,88.0,3.0
A132B148,CV,32,None,Reactive,0.23,47,60,13,15300,195.0,10.0,25.0,1,1,71.0,3.0
A132B148,CV,32,None,Reactive,2.15,112,120,8,15300,195.0,15.0,25.0,1,1,75.0,3.0
A132B148,CV,32,None,Reactive,3.97,139,150,11,15300,195.0,15.0,25.0,1,1,85.0,3.0
A132B148,CV,32,None,Reactive,6.23,152,170,18,15300,195.0,15.0,25.0,1,1,63.0,3.0
A132B148,CV,32,None,Reactive,7.89,226,236,10,15300,125.0,20.0,25.0,1,1,69.0,3.0
A132B148,CV,32,None,Reactive,4.17,164,180,16,15300,155.0,15.0,25.0,1,0,76.0,3.0
A132A901,ST,32,Peach,Reactive,8.89,247,270,23,15180,155.0,12.0,70.0,2,2,40.0,3.0
A130B609,V,30,None,Reactive,89.0,1070,1080,10,6833,125.0,15.0,30.0,3,3,70.0,3.0
A130B609,V,30,None,Reactive,6.34,144,160,16,6833,155.0,12.0,30.0,3,3,73.0,3.0
A130B609,V,30,None,Reactive,8.67,139,150,11,6833,155.0,10.0,30.0,3,0,90.0,3.0
A140A622,V,40,None,Reactive,48.94,140,170,30,1110,165.0,12.0,25.0,2,2,85.0,3.0
A140A622,V,40,None,Reactive,1.24,44,60,16,1110,155.0,15.0,25.0,2,2,87.0,3.0
A140A622,V,40,None,Reactive,4.05,45,60,15,1110,165.0,15.0,25.0,2,2,67.0,3.0
A140A622,V,40,None,Reactive,4.91,42,57,15,1110,165.0,15.0,25.0,2,2,72.0,3.0
A140A622,V,40,None,Reactive,7.79,41,60,19,1110,155.0,15.0,25.0,2,2,70.0,3.0
A140A622,V,40,None,Reactive,7.68,46,60,14,1110,155.0,20.0,25.0,2,2,70.0,3.0
A140A622,V,40,None,Reactive,8.99,48,69,21,1110,155.0,12.0,25.0,2,2,67.0,3.0
A140A622,V,40,None,Reactive,14.37,43,60,17,1110,155.0,15.0,25.0,2,2,70.0,3.0
A140A622,V,40,None,Reactive,3.25,45,60,15,1110,155.0,12.0,25.0,2,2,75.0,3.0
A140A622,V,40,None,Reactive,1.19,47,57,10,1110,125.0,12.0,25.0,2,2,75.0,3.0
A120C093,CV,20,None,Reactive,0.19,35,50,15,14800,125.0,20.0,30.0,1,0,87.0,1.0
A120C093,CV,20,None,Reactive,2.27,98,120,22,14800,195.0,20.0,30.0,1,0,87.0,1.0
A120C093,CV,20,None,Reactive,7.48,167,190,23,14800,195.0,15.0,30.0,1,1,88.0,1.0
A120C093,CV,20,None,Reactive,5.37,181,200,19,14800,195.0,20.0,30.0,1,0,88.0,1.0
A120C093,CV,20,None,Reactive,6.22,250,260,10,14800,125.0,20.0,30.0,1,0,73.0,1.0
A120C093,CV,20,None,Reactive,5.15,190,220,30,14800,125.0,12.0,30.0,1,1,87.0,1.0
14000756,CT,40,Peach,Discharge,1.05,25,40,15,2425,195.0,10.0,50.0,0,0,90.0,1.0
A120C093,CV,20,None,Reactive,3.37,23,50,27,1800,155.0,20.0,30.0,1,1,67.0,1.0
A120C093,CV,20,None,Reactive,6.44,29,50,21,1800,155.0,15.0,30.0,1,0,64.0,1.0
A120C093,CV,20,None,Reactive,7.35,34,50,16,1800,155.0,15.0,30.0,1,0,70.0,1.0
A120C093,CV,20,None,Reactive,3.14,24,50,26,1800,155.0,15.0,30.0,1,0,68.0,1.0
A120C093,CV,20,None,Reactive,2.54,26,40,14,1800,155.0,15.0,30.0,1,1,70.0,1.0
A120C093,CV,20,None,Reactive,8.7,34,50,16,1800,155.0,15.0,30.0,1,1,72.0,1.0
A120C093,CV,20,None,Reactive,11.88,36,60,24,1800,155.0,12.0,30.0,1,0,74.0,1.0
A120C093,CV,20,None,Reactive,11.14,33,50,17,1800,155.0,12.0,30.0,1,0,70.0,1.0
A120C093,CV,20,None,Reactive,49.58,155,180,25,1800,125.0,12.0,30.0,1,0,75.0,1.0
A120C093,CV,20,None,Reactive,4.08,30,50,20,1800,155.0,12.0,30.0,1,0,72.0,1.0
A150C944,ST,50,None,Pigment,15.59,50,69,19,700,125.0,8.0,35.0,3,1,90.0,1.0
A150C944,ST,50,None,Pigment,33.84,70,86,16,700,125.0,8.0,35.0,3,3,88.0,1.0
13200046,CV,32,None,Reactive,59.74,739,760,21,6400,125.0,15.0,35.0,3,3,86.0,1.0
13200046,CV,32,None,Reactive,0.79,35,60,25,6400,165.0,15.0,35.0,3,1,79.0,1.0
13200046,CV,32,None,Reactive,8.26,93,120,27,6400,155.0,15.0,35.0,3,0,82.0,1.0
13200046,CV,32,None,Reactive,14.5,186,210,24,6400,155.0,15.0,35.0,3,0,85.0,1.0
13200046,CV,32,None,Reactive,8.92,132,150,18,6400,125.0,15.0,35.0,3,0,86.0,1.0
13200046,CV,32,None,Reactive,2.06,61,80,19,6400,125.0,12.0,35.0,3,0,87.0,1.0
A132B147,CV,32,None,Reactive,36.57,1122,1150,28,13940,125.0,15.0,30.0,2,1,78.0,1.0
A132B147,CV,32,None,Reactive,21.32,682,700,18,13940,125.0,15.0,30.0,2,1,60.0,1.0
A132B147,CV,32,None,Reactive,7.13,185,200,15,13940,125.0,12.0,30.0,2,1,68.0,1.0
A132B147,CV,32,None,Reactive,14.25,399,420,21,13940,125.0,12.0,30.0,2,2,74.0,1.0
A132B147,CV,32,None,Reactive,17.52,464,480,16,13940,125.0,12.0,30.0,2,1,75.0,1.0
13000437,CV,30,Raise,Reactive,0.3,31,48,17,470,155.0,12.0,20.0,3,3,62.0,1.0
13000437,CV,30,Raise,Reactive,1.67,39,60,21,470,155.0,15.0,20.0,3,0,60.0,1.0
13000437,CV,30,Raise,Reactive,1.92,45,68,23,470,155.0,20.0,20.0,3,0,83.0,1.0
13000437,CV,30,Raise,Reactive,0.54,38,52,14,470,155.0,15.0,20.0,3,0,71.0,1.0
13000437,CV,30,Raise,Reactive,1.32,38,53,15,470,155.0,15.0,20.0,3,0,62.0,1.0
13000437,CV,30,Raise,Reactive,5.26,49,67,18,470,155.0,15.0,20.0,3,0,103.0,1.0
13000437,CV,30,Raise,Reactive,0.92,37,53,16,470,155.0,15.0,20.0,3,0,73.0,1.0
13000437,CV,30,Raise,Reactive,86.02,166,185,19,470,155.0,15.0,20.0,3,0,90.0,1.0
13000437,CV,30,Raise,Reactive,3.29,41,58,17,470,155.0,12.0,20.0,3,0,88.0,1.0
140324,ST,40,None,Pigment,2.19,25,40,15,1440,165.0,6.0,40.0,2,0,86.0,1.0
140324,ST,40,None,Pigment,62.61,102,120,18,1440,125.0,10.0,40.0,2,2,92.0,1.0
140324,ST,40,None,Pigment,2.66,25,40,15,1440,125.0,10.0,40.0,2,0,70.0,1.0
140324,ST,40,None,Pigment,1.39,23,40,17,1440,125.0,10.0,40.0,2,0,82.0,1.0
140324,ST,40,None,Pigment,0.93,26,40,14,1440,125.0,10.0,40.0,2,0,82.0,1.0
140324,ST,40,None,Pigment,8.03,35,50,15,1440,125.0,8.0,40.0,2,1,75.0,1.0
140324,ST,40,None,Pigment,7.57,38,50,12,1440,125.0,8.0,40.0,2,0,75.0,1.0
140324,ST,40,None,Pigment,2.92,24,40,16,1440,125.0,8.0,40.0,2,0,72.0,1.0
140324,ST,40,None,Pigment,0.7,22,40,18,1440,125.0,8.0,40.0,2,0,80.0,1.0
130K00,ST,30,Peach,Pigment,38.9,137,165,28,1740,165.0,8.0,45.0,3,3,78.0,1.0
130K00,ST,30,Peach,Pigment,34.42,103,120,17,1740,165.0,8.0,45.0,3,2,80.0,1.0
13000437,CV,30,Raise,Reactive,91.5,680,680,0,2800,125.0,15.0,25.0,3,2,68.0,1.0
13000437,CV,30,Raise,Reactive,0.24,33,53,20,2800,125.0,15.0,25.0,3,2,70.0,1.0
13000437,CV,30,Raise,Reactive,0.79,35,50,15,2800,125.0,15.0,25.0,3,1,75.0,1.0
13000437,CV,30,Raise,Reactive,0.62,33,50,17,2800,125.0,15.0,25.0,3,0,70.0,1.0
13000437,CV,30,Raise,Reactive,1.1,27,53,26,2800,155.0,15.0,25.0,3,3,72.0,1.0
13000437,CV,30,Raise,Reactive,0.48,30,50,20,2800,155.0,15.0,25.0,3,1,77.0,1.0
13000437,CV,30,Raise,Reactive,0.61,37,63,26,2800,155.0,15.0,25.0,3,1,78.0,1.0
13000437,CV,30,Raise,Reactive,0.61,49,66,17,2800,125.0,12.0,25.0,3,1,77.0,1.0
13000437,CV,30,Raise,Reactive,1.13,26,50,24,2800,155.0,12.0,25.0,3,1,80.0,1.0
13000437,CV,30,Raise,Reactive,0.12,42,60,18,2800,125.0,12.0,25.0,3,0,90.0,1.0
13000437,CV,30,Raise,Reactive,3.1,29,55,26,2800,125.0,10.0,25.0,3,0,80.0,1.0
A132B148,CV,32,None,Reactive,0.23,40,80,40,13500,195.0,10.0,30.0,1,0,65.0,1.0
A132B148,CV,32,None,Reactive,2.15,92,140,48,13500,195.0,15.0,30.0,1,0,70.0,1.0
A132B148,CV,32,None,Reactive,3.97,110,160,50,13500,195.0,15.0,30.0,1,1,77.0,1.0
A132B148,CV,32,None,Reactive,6.23,132,220,88,13500,195.0,15.0,30.0,1,0,65.0,1.0
A132B148,CV,32,None,Reactive,7.89,232,360,128,13500,125.0,15.0,30.0,1,1,50.0,1.0
A132B148,CV,32,None,Reactive,4.17,125,180,55,13500,155.0,15.0,30.0,1,0,68.0,1.0
132B147,CV,32,None,Reactive,0.75,40,50,10,5717,165.0,15.0,30.0,1,0,71.0,1.0
132B147,CV,32,None,Reactive,18.93,210,228,18,5717,155.0,20.0,30.0,1,0,80.0,1.0
132B147,CV,32,None,Reactive,3.33,72,80,8,5717,155.0,15.0,30.0,1,1,66.0,1.0
132B147,CV,32,None,Reactive,5.63,89,100,11,5717,165.0,15.0,30.0,1,0,76.0,1.0
132B147,CV,32,None,Reactive,2.75,67,70,3,5717,155.0,15.0,30.0,1,0,67.0,1.0
132B147,CV,32,None,Reactive,4.16,59,70,11,5717,155.0,12.0,30.0,1,0,62.0,1.0
132B147,CV,32,None,Reactive,3.24,62,70,8,5717,155.0,12.0,30.0,1,0,62.0,1.0
132B147,CV,32,None,Reactive,6.05,86,100,14,5717,155.0,12.0,30.0,1,1,74.0,1.0
132B147,CV,32,None,Reactive,9.85,104,120,16,5717,155.0,12.0,30.0,1,0,72.0,1.0
132B147,CV,32,None,Reactive,20.37,188,200,12,5717,155.0,12.0,30.0,1,0,70.0,1.0
A145A387,PC,45,None,Pigment,2.37,50,80,30,6700,165.0,6.0,50.0,3,3,80.0,2.0
A145A387,PC,45,None,Pigment,1.35,49,80,31,6700,165.0,6.0,50.0,3,2,78.0,2.0
A145A279,SPC,45,None,Pigment,1.48,102,130,28,20000,125.0,10.0,50.0,5,0,77.0,2.0
A145A279,SPC,45,None,Pigment,74.35,1809,1850,41,20000,125.0,10.0,50.0,5,5,70.0,2.0
16000173,CT,60,None,Pigment,13.1,47,66,19,1650,165.0,8.0,50.0,1,1,70.0,2.0
16000173,CT,60,None,Pigment,7.0,55,78,23,1650,165.0,6.0,50.0,1,1,69.0,2.0
A120C093,CV,20,None,Pigment,0.27,23,40,17,6136,155.0,12.0,40.0,1,0,75.0,2.0
A120C093,CV,20,None,Pigment,3.03,40,60,20,6136,155.0,10.0,40.0,1,0,68.0,2.0
A120C093,CV,20,None,Pigment,0.33,22,40,18,6136,155.0,10.0,40.0,1,0,70.0,2.0
A120C093,CV,20,None,Pigment,3.35,49,60,11,6136,125.0,10.0,40.0,1,1,75.0,2.0
A120C093,CV,20,None,Pigment,2.88,39,60,21,6136,155.0,10.0,40.0,1,1,70.0,2.0
A120C093,CV,20,None,Pigment,4.93,69,80,11,6136,125.0,10.0,40.0,1,0,68.0,2.0
16000173,CT,60,None,Pigment,13.1,29,53,24,1312,165.0,8.0,50.0,2,1,70.0,2.0
16000173,CT,60,None,Pigment,7.0,37,50,13,1312,165.0,6.0,50.0,2,2,80.0,2.0
130K00,ST,30,Peach,Pigment,16.96,82,92,10,1655,195.0,8.0,45.0,1,1,110.0,2.0
A145A279,SPC,45,None,Pigment,5.38,102,120,18,11985,125.0,10.0,50.0,0,0,77.0,2.0
A145A279,SPC,45,None,Pigment,7.71,153,160,7,11985,125.0,10.0,50.0,0,0,80.0,2.0
A145A279,SPC,45,None,Pigment,13.85,235,240,5,11985,125.0,10.0,50.0,0,0,75.0,2.0
A145A279,SPC,45,None,Pigment,25.06,440,460,20,11985,125.0,10.0,50.0,0,0,88.0,2.0
14000396,CT,40,None,Pigment,0.46,37,58,21,3050,195.0,12.0,50.0,2,2,78.0,2.0
14000396,CT,40,None,Pigment,0.38,25,44,19,4938,195.0,8.0,50.0,1,1,115.0,2.0
14000396,CT,40,None,Pigment,0.1,19,40,21,4938,195.0,10.0,50.0,1,0,65.0,2.0
150442,ST,50,None,Pigment,0.86,29,45,16,7200,125.0,8.0,40.0,1,1,93.0,2.0
150442,ST,50,None,Pigment,1.75,24,45,21,7200,155.0,8.0,40.0,1,0,86.0,2.0
130K00,ST,30,Peach,Pigment,11.7,72,90,18,1715,195.0,10.0,40.0,4,4,90.0,2.0
12400017,ST,24,Peach,Pigment,34.6,61,74,13,850,125.0,15.0,30.0,2,2,68.0,2.0
12400017,ST,24,Peach,Pigment,19.15,52,70,18,850,125.0,15.0,30.0,2,2,66.0,2.0
12400017,ST,24,Peach,Pigment,16.89,57,70,13,850,125.0,15.0,30.0,2,0,70.0,2.0
A145A279,SPC,45,None,Pigment,45.95,244,262,18,2230,125.0,10.0,40.0,4,4,75.0,2.0
140324,ST,40,None,Pigment,38.71,182,200,18,3360,125.0,10.0,40.0,3,0,73.0,2.0
140324,ST,40,None,Pigment,25.97,124,140,16,3360,125.0,12.0,40.0,3,3,70.0,2.0
140324,ST,40,None,Pigment,15.64,87,100,13,3360,125.0,10.0,40.0,3,3,70.0,2.0
A140E111,ST,40,Raise,Pigment,0.73,52,60,8,11460,155.0,15.0,45.0,1,1,70.0,2.0
A1600279,JM,60,None,Reactive,1.15,97,120,23,4670,125.0,12.0,30.0,4,0,85.0,3.0
A1600279,JM,60,None,Reactive,86.6,692,720,28,4670,125.0,12.0,30.0,4,4,65.0,3.0
A1600279,JM,60,None,Reactive,2.37,91,110,19,4670,125.0,10.0,30.0,4,1,82.0,3.0
A1600279,JM,60,None,Reactive,4.07,95,120,25,4670,125.0,10.0,30.0,4,0,87.0,3.0
A130B680,V,30,None,Reactive,34.04,103,120,17,1320,125.0,15.0,25.0,1,0,75.0,3.0
A130B680,V,30,None,Reactive,2.75,35,50,15,1320,155.0,15.0,25.0,1,0,68.0,3.0
A130B680,V,30,None,Reactive,3.17,38,50,12,1320,125.0,12.0,25.0,1,0,65.0,3.0
A130B680,V,30,None,Reactive,9.35,35,50,15,1320,125.0,12.0,25.0,1,1,68.0,3.0
A130B680,V,30,None,Reactive,4.53,18,40,22,1320,125.0,12.0,25.0,1,0,76.0,3.0
A130B680,V,30,None,Reactive,9.66,28,50,22,1320,125.0,12.0,25.0,1,0,67.0,3.0
A145A279,SPC,45,None,Pigment,35.75,196,210,14,3485,125.0,10.0,55.0,1,1,75.0,3.0
A145A279,SPC,45,None,Pigment,15.25,114,130,16,3485,125.0,10.0,55.0,1,1,70.0,3.0
A145A279,SPC,45,None,Pigment,15.71,135,145,10,3485,125.0,8.0,55.0,1,1,68.0,3.0
A130D001,V,30,None,Reactive,0.32,48,70,22,12095,125.0,15.0,30.0,4,4,73.0,3.0
A130D001,V,30,None,Reactive,91.56,2012,2040,28,12095,125.0,15.0,30.0,4,4,83.0,3.0
A130D001,V,30,None,Reactive,2.0,66,80,14,12095,125.0,10.0,30.0,4,4,74.0,3.0
A130D001,V,30,None,Reactive,7.33,188,210,22,12095,125.0,12.0,30.0,4,4,72.0,3.0
A140D660,SPC,40,None,Discharge,26.25,325,340,15,8325,125.0,8.0,55.0,3,3,70.0,3.0
A120B375,CT,20,Peach,Reactive,19.28,284,300,16,7275,125.0,15.0,30.0,3,1,88.0,3.0
A120B375,CT,20,Peach,Reactive,28.07,350,360,10,7275,125.0,15.0,30.0,3,1,92.0,3.0
A120B375,CT,20,Peach,Reactive,27.33,352,360,8,7275,125.0,15.0,30.0,3,3,95.0,3.0
A130B609,V,30,None,Reactive,5.1,48,60,12,1743,125.0,20.0,25.0,3,2,72.0,3.0
A130B609,V,30,None,Reactive,96.51,308,330,22,1743,125.0,12.0,25.0,3,3,66.0,3.0
A130B609,V,30,None,Reactive,90.28,404,420,16,2190,125.0,15.0,30.0,1,1,76.0,3.0
A130B609,V,30,None,Reactive,12.02,80,92,12,2190,125.0,15.0,30.0,1,1,80.0,3.0
A140A622,V,40,None,Reactive,60.14,173,190,17,1225,125.0,15.0,30.0,4,3,73.0,3.0
A140A622,V,40,None,Reactive,40.8,115,131,16,1225,125.0,12.0,30.0,4,4,70.0,3.0
13200046,CV,32,None,Reactive,11.86,62,80,18,1980,195.0,6.0,30.0,2,0,83.0,3.0
13200046,CV,32,None,Reactive,56.84,211,227,16,1980,125.0,10.0,30.0,2,2,69.0,3.0
13200046,CV,32,None,Reactive,18.55,81,95,14,1980,165.0,10.0,30.0,2,1,70.0,3.0
13200046,CV,32,None,Reactive,20.81,83,100,17,1980,165.0,10.0,30.0,2,0,77.0,3.0
13200046,CV,32,None,Reactive,4.4,34,40,6,1980,155.0,10.0,30.0,2,0,75.0,3.0
13200046,CV,32,None,Reactive,57.73,225,240,15,2010,125.0,10.0,30.0,3,3,125.0,3.0
13200046,CV,32,None,Reactive,53.16,182,200,18,2010,155.0,15.0,30.0,3,3,87.0,3.0
13200046,CV,32,None,Reactive,1.49,30,40,10,1400,195.0,8.0,28.0,3,3,85.0,3.0
13200046,CV,32,None,Reactive,49.82,160,180,20,1400,195.0,15.0,28.0,3,3,84.0,3.0
13200046,CV,32,None,Reactive,14.44,48,60,12,1400,125.0,8.0,28.0,3,2,76.0,3.0
13200046,CV,32,None,Reactive,18.95,56,70,14,1400,165.0,12.0,28.0,3,1,74.0,3.0
13200046,CV,32,None,Reactive,21.85,64,80,16,1400,165.0,10.0,28.0,3,0,73.0,3.0
13200046,CV,32,None,Reactive,9.19,52,60,8,1400,155.0,10.0,28.0,3,0,72.0,3.0
A130B680,V,30,None,Pigment,19.67,172,188,16,5182,125.0,10.0,40.0,1,1,70.0,2.0
130K00,ST,30,Peach,Pigment,11.7,95,108,13,1729,195.0,8.0,30.0,4,4,75.0,2.0
150442,ST,50,None,Discharge,0.86,28,40,12,6365,125.0,12.0,40.0,2,1,60.0,2.0
150442,ST,50,None,Discharge,1.15,37,50,13,6365,155.0,10.0,40.0,2,2,75.0,2.0
A140E111,ST,40,Raise,Pigment,0.73,46,60,14,11880,155.0,20.0,50.0,1,1,90.0,2.0
130176,CT,30,Peach,Pigment,50.98,120,130,10,1350,125.0,8.0,55.0,1,1,70.0,2.0
130176,CT,30,Peach,Pigment,50.98,147,160,13,1400,125.0,8.0,50.0,2,2,70.0,2.0
A140D660,SPC,40,None,Pigment,1.91,42,60,18,3785,195.0,12.0,55.0,2,2,70.0,2.0
A140D660,SPC,40,None,Pigment,0.27,35,55,20,3785,195.0,12.0,55.0,2,2,68.0,2.0
A150D067,ST,50,None,Pigment,2.8,26,40,14,1040,195.0,12.0,45.0,1,1,82.0,2.0
130K00,ST,30,Peach,Pigment,16.96,88,104,16,1722,195.0,8.0,40.0,1,1,96.0,2.0
130K00,ST,30,None,Pigment,9.19,49,65,16,1813,195.0,6.0,35.0,1,1,96.0,2.0
130176,CT,30,Peach,Pigment,25.0,96,110,14,1320,165.0,8.0,60.0,3,3,96.0,2.0
130176,CT,30,Peach,Pigment,25.0,115,140,25,1446,165.0,6.0,65.0,1,1,95.0,2.0
130176,CT,30,Peach,Pigment,18.7,72,86,14,1350,155.0,8.0,30.0,3,3,75.0,3.0
130176,CT,30,Peach,Pigment,25.0,71,85,14,1370,165.0,6.0,80.0,1,1,110.0,2.0
A150B433,CT,50,None,Pigment,0.08,20,40,20,3215,155.0,10.0,35.0,1,1,75.0,2.0
A150B433,CT,50,None,Pigment,0.46,22,40,18,3215,195.0,15.0,35.0,1,1,61.0,2.0
130176,CT,30,Peach,Pigment,18.7,53,69,16,1437,155.0,8.0,50.0,2,2,60.0,2.0
12000251,PC,20,None,Pigment,13.33,47,58,11,1280,125.0,15.0,30.0,3,3,90.0,2.0
12000251,PC,20,None,Pigment,34.78,84,99,15,1280,125.0,15.0,30.0,3,3,104.0,2.0
A140D660,SPC,40,None,Discharge,0.69,18,40,22,1160,165.0,15.0,30.0,0,0,50.0,2.0
A140D660,SPC,40,None,Discharge,0.69,14,40,26,1160,165.0,15.0,30.0,0,0,67.0,2.0
130176,CT,30,Peach,Pigment,18.7,49,70,21,1450,155.0,10.0,80.0,2,2,79.0,2.0
A150B593,ST,50,None,Pigment,0.02,15,50,35,1250,195.0,8.0,40.0,0,0,80.0,2.0
A150B593,ST,50,None,Pigment,0.01,18,50,32,1250,195.0,8.0,40.0,0,0,72.0,2.0
A150B593,ST,50,None,Pigment,3.97,36,50,14,1250,195.0,8.0,40.0,0,0,75.0,2.0
A130D001,V,30,None,Reactive,91.29,3551,3600,49,19800,125.0,20.0,23.0,3,3,70.0,3.0
A130D001,V,30,None,Reactive,2.01,98,120,22,19800,125.0,12.0,23.0,3,0,80.0,3.0
A130D001,V,30,None,Reactive,0.6,74,100,26,19800,125.0,12.0,23.0,3,0,83.0,3.0
A130D001,V,30,None,Reactive,7.33,221,240,19,19800,125.0,10.0,23.0,3,0,89.0,3.0
A130B609,V,30,None,Reactive,89.0,586,600,14,3335,125.0,15.0,27.0,2,2,51.0,3.0
A130B609,V,30,None,Reactive,6.34,65,88,23,3335,155.0,12.0,27.0,2,2,73.0,3.0
A130B609,V,30,None,Reactive,8.67,73,100,27,3335,155.0,12.0,27.0,2,2,72.0,3.0
A160A416,JM,60,None,Reactive,50.85,42,60,18,435,165.0,15.0,30.0,1,0,67.0,3.0
A160A416,JM,60,None,Reactive,17.65,24,40,16,435,165.0,15.0,30.0,1,0,74.0,3.0
A160A416,JM,60,None,Reactive,34.67,31,55,24,435,165.0,15.0,30.0,1,1,72.0,3.0
A132A927,CT,32,None,Discharge,0.36,28,42,14,4588,155.0,10.0,30.0,2,2,,3.0
A132A927,CT,32,None,Discharge,0.4,28,48,20,4588,155.0,10.0,30.0,2,0,,3.0
A132A927,CT,32,None,Discharge,0.86,36,48,12,4588,155.0,8.0,30.0,2,0,,3.0
A132B148,CV,32,None,Reactive,68.25,2270,2280,10,17040,125.0,15.0,25.0,3,0,82.0,1.0
A132B148,CV,32,None,Reactive,2.67,110,130,20,17040,165.0,15.0,25.0,3,3,60.0,1.0
A132B148,CV,32,None,Reactive,4.04,152,162,10,17040,165.0,15.0,25.0,3,3,58.0,1.0
A132B148,CV,32,None,Reactive,0.71,55,70,15,17040,165.0,15.0,25.0,3,0,67.0,1.0
A132B148,CV,32,None,Reactive,3.5,140,160,20,17040,165.0,12.0,25.0,3,0,66.0,1.0
A132B148,CV,32,None,Reactive,0.65,50,60,10,17040,165.0,12.0,25.0,3,0,69.0,1.0
A132B148,CV,32,None,Reactive,6.32,112,130,18,17040,165.0,12.0,25.0,3,1,67.0,1.0
A132B148,CV,32,None,Reactive,2.7,220,240,20,17040,165.0,12.0,25.0,3,2,71.0,1.0
A132B148,CV,32,None,Reactive,8.11,193,220,27,17040,165.0,12.0,25.0,3,2,74.0,1.0
A132B148,CV,32,None,Reactive,1.71,261,276,15,17040,165.0,12.0,25.0,3,0,71.0,1.0
A132B148,CV,32,None,Reactive,12.54,440,460,20,17040,125.0,12.0,25.0,3,0,76.0,1.0
130176,CT,30,Peach,Pigment,30.43,83,100,17,1320,155.0,8.0,50.0,1,1,140.0,1.0
18006,CT,80,None,Reactive,2.62,25,40,15,2530,195.0,8.0,25.0,3,3,73.0,3.0
18006,CT,80,None,Reactive,10.22,57,70,13,2530,195.0,8.0,25.0,3,3,76.0,3.0
18006,CT,80,None,Reactive,0.98,29,40,11,2530,195.0,8.0,25.0,3,3,72.0,3.0
18006,CT,80,None,Reactive,1.36,26,40,14,2530,195.0,8.0,25.0,3,3,77.0,3.0
18006,CT,80,None,Reactive,2.53,22,40,18,2530,195.0,8.0,25.0,3,3,75.0,3.0
18006,CT,80,None,Reactive,14.27,64,84,20,2530,195.0,8.0,25.0,3,3,73.0,3.0
18006,CT,80,None,Reactive,5.34,45,55,10,2530,195.0,8.0,25.0,3,3,80.0,3.0
18006,CT,80,None,Reactive,1.82,32,40,8,2530,195.0,8.0,25.0,3,3,84.0,3.0
18006,CT,80,None,Reactive,5.2,34,50,16,2530,195.0,8.0,25.0,3,3,81.0,3.0
18006,CT,80,None,Reactive,66.9,220,240,20,2530,165.0,8.0,25.0,3,3,67.0,3.0
18006,CT,80,None,Reactive,3.15,26,40,14,2530,155.0,8.0,25.0,3,3,81.0,3.0
18006,CT,80,None,Reactive,1.59,29,40,11,2530,155.0,8.0,25.0,3,3,78.0,3.0
13200046,CV,32,None,Reactive,3.64,33,50,17,1465,125.0,12.0,30.0,3,2,92.0,3.0
13200046,CV,32,None,Reactive,8.23,38,50,12,1465,125.0,10.0,30.0,3,2,80.0,3.0
13200046,CV,32,None,Reactive,48.91,132,150,18,1465,125.0,12.0,30.0,3,2,80.0,3.0
13200046,CV,32,None,Reactive,6.82,34,50,16,1465,125.0,10.0,30.0,3,3,78.0,3.0
13200046,CV,32,None,Reactive,14.35,42,55,13,1465,155.0,10.0,30.0,3,0,70.0,3.0
13200046,CV,32,None,Reactive,16.24,46,60,14,1465,155.0,10.0,30.0,3,0,72.0,3.0
A132A927,CT,32,None,Pigment,9.85,269,280,11,12900,195.0,12.0,40.0,3,3,110.0,3.0
A132A927,CT,32,None,Pigment,19.36,351,365,14,12900,125.0,10.0,40.0,3,3,95.0,3.0
A132A927,CT,32,None,Pigment,27.83,468,480,12,12900,125.0,10.0,40.0,3,1,93.0,3.0
A130B609,V,30,None,Reactive,1.64,43,60,17,1830,155.0,12.0,30.0,3,1,65.0,3.0
A130B609,V,30,None,Reactive,98.96,328,340,12,1830,125.0,15.0,30.0,3,3,70.0,3.0
A130B609,V,30,None,Reactive,89.0,276,285,9,1950,125.0,15.0,30.0,2,2,51.0,3.0
A130B609,V,30,None,Reactive,6.34,48,64,16,1950,155.0,12.0,30.0,2,1,73.0,3.0
A130B609,V,30,None,Reactive,8.67,46,60,14,1950,155.0,12.0,30.0,2,0,72.0,3.0
A132B148,CV,32,None,Reactive,68.25,844,860,16,6400,125.0,15.0,25.0,1,0,80.0,1.0
A132B148,CV,32,None,Reactive,4.04,83,105,22,6400,165.0,15.0,25.0,1,0,60.0,1.0
A132B148,CV,32,None,Reactive,2.67,59,80,21,6400,165.0,15.0,25.0,1,1,50.0,1.0
A132B148,CV,32,None,Reactive,0.71,25,50,25,6400,165.0,15.0,25.0,1,0,68.0,1.0
A132B148,CV,32,None,Reactive,3.5,59,80,21,6400,165.0,12.0,25.0,1,0,68.0,1.0
A132B148,CV,32,None,Reactive,0.65,23,50,27,6400,165.0,12.0,25.0,1,0,58.0,1.0
A132B148,CV,32,None,Reactive,6.32,88,110,22,6400,165.0,12.0,25.0,1,1,68.0,1.0
A132B148,CV,32,None,Reactive,2.7,44,70,26,6400,165.0,12.0,25.0,1,0,70.0,1.0
A132B148,CV,32,None,Reactive,8.11,113,130,17,6400,165.0,12.0,25.0,1,0,72.0,1.0
A132B148,CV,32,None,Reactive,1.71,28,50,22,6400,165.0,12.0,25.0,1,0,67.0,1.0
A132B148,CV,32,None,Reactive,12.54,159,180,21,6400,125.0,12.0,25.0,1,0,75.0,1.0
132340,ST,32,Peach,Pigment,4.69,34,55,21,1500,195.0,10.0,50.0,2,2,58.0,1.0
130K00,ST,30,Peach,Pigment,40.0,370,385,15,5350,195.0,8.0,50.0,4,4,81.0,1.0
A145A279,SPC,45,None,Discharge,4.0,63,80,17,3380,165.0,12.0,35.0,3,3,110.0,1.0
A145A279,SPC,45,None,Discharge,3.16,65,80,15,3380,165.0,12.0,35.0,3,2,85.0,1.0
A132B148,CV,32,None,Reactive,0.23,38,60,22,3750,195.0,10.0,28.0,2,1,70.0,1.0
A132B148,CV,32,None,Reactive,2.15,43,60,17,3750,195.0,15.0,28.0,2,1,65.0,1.0
A132B148,CV,32,None,Reactive,3.97,47,70,23,3750,195.0,15.0,28.0,2,2,68.0,1.0
A132B148,CV,32,None,Reactive,6.23,51,70,19,3750,195.0,15.0,28.0,2,2,72.0,1.0
A132B148,CV,32,None,Reactive,7.89,63,80,17,3750,155.0,15.0,28.0,2,2,80.0,1.0
A132B148,CV,32,None,Reactive,4.17,51,70,19,3750,155.0,15.0,28.0,2,2,80.0,1.0
A130B074,V,30,None,Discharge,10.32,39,57,18,1370,165.0,10.0,50.0,0,0,40.0,1.0
A160A483,CT,60,None,Pigment,0.77,20,40,20,830,165.0,6.0,40.0,2,1,74.0,2.0
A160A483,CT,60,None,Pigment,8.38,34,50,16,830,165.0,8.0,40.0,2,2,64.0,2.0
14015,CT,40,None,Pigment,14.63,52,60,8,1428,125.0,8.0,40.0,2,1,96.0,2.0
14015,CT,40,None,Pigment,17.58,50,60,10,1428,125.0,8.0,40.0,2,2,76.0,2.0
132340,ST,32,Peach,Pigment,30.9,120,145,25,1575,195.0,6.0,75.0,3,3,121.0,2.0
A150B593,ST,50,None,Discharge,0.02,22,40,18,1280,195.0,10.0,35.0,2,0,75.0,2.0
A150B593,ST,50,None,Discharge,0.01,25,40,15,1280,195.0,10.0,35.0,2,0,65.0,2.0
A150B593,ST,50,None,Discharge,3.97,30,40,10,1280,195.0,12.0,35.0,2,2,70.0,2.0
A130K00,ST,30,None,Pigment,9.19,142,160,18,3490,195.0,8.0,50.0,2,2,90.0,2.0
14015,CT,40,None,Pigment,7.68,50,60,10,1740,125.0,10.0,40.0,3,3,117.0,2.0
14015,CT,40,None,Pigment,15.47,65,75,10,1740,125.0,10.0,40.0,3,1,75.0,2.0
14015,CT,40,None,Pigment,1.3,46,60,14,1740,125.0,10.0,40.0,3,3,70.0,2.0
14015,CT,40,None,Pigment,72.31,205,240,35,1740,125.0,10.0,40.0,3,2,70.0,2.0
14015,CT,40,None,Pigment,0.56,22,40,18,1840,155.0,15.0,33.0,0,0,123.0,2.0
14015,CT,40,None,Pigment,2.92,32,40,8,1840,165.0,10.0,33.0,0,0,115.0,2.0
132340,ST,32,Peach,Pigment,23.74,154,170,16,1700,195.0,12.0,40.0,4,4,100.0,2.0
A140D663,SPC,40,None,Pigment,30.09,534,550,16,11900,155.0,8.0,40.0,3,3,73.0,2.0
14015,CT,40,None,Pigment,2.66,49,65,16,3481,155.0,12.0,40.0,3,3,115.0,2.0
14015,CT,40,None,Pigment,2.0,32,50,18,3481,155.0,12.0,40.0,3,0,100.0,2.0
132340,ST,32,Peach,Pigment,4.69,35,50,15,1511,195.0,10.0,45.0,2,2,58.0,2.0
A132A927,CT,32,None,Pigment,9.85,405,420,15,20455,195.0,10.0,40.0,3,3,101.0,2.0
A132A927,CT,32,None,Pigment,19.36,521,540,19,20455,125.0,10.0,40.0,3,1,78.0,2.0
A132A927,CT,32,None,Pigment,27.85,605,630,25,20455,125.0,10.0,40.0,3,2,88.0,2.0
132340,ST,32,Peach,Pigment,23.74,147,160,13,1721,195.0,12.0,30.0,0,0,110.0,2.0
A130B609,V,30,None,Reactive,93.0,339,366,27,1485,125.0,15.0,25.0,7,7,68.0,2.0
A130B074,V,30,None,Pigment,36.02,142,160,18,3185,155.0,10.0,60.0,0,0,111.0,2.0
140313,CT,40,None,Discharge,0.74,28,47,19,1526,165.0,8.0,60.0,1,1,60.0,2.0
140313,CT,40,None,Discharge,1.85,27,50,23,1526,125.0,6.0,60.0,1,1,65.0,2.0
A132B006,CT,32,None,Pigment,68.77,306,336,30,2210,125.0,12.0,35.0,4,3,135.0,2.0
A132B006,CT,32,None,Pigment,0.83,17,40,23,2210,125.0,10.0,35.0,4,0,98.0,2.0
A132B006,CT,32,None,Pigment,1.41,27,46,19,2210,125.0,10.0,35.0,4,1,110.0,2.0
A132B006,CT,32,None,Pigment,10.58,65,82,17,2210,125.0,10.0,35.0,4,4,98.0,2.0
A132B006,CT,32,None,Pigment,0.19,28,48,20,2210,125.0,10.0,35.0,4,1,112.0,2.0
A132B006,CT,32,None,Pigment,6.46,45,63,18,2210,125.0,8.0,35.0,4,3,104.0,2.0
A132B006,CT,32,None,Pigment,0.64,22,40,18,2210,125.0,10.0,35.0,4,0,115.0,2.0
A150B593,ST,50,None,Discharge,0.02,12,24,12,1155,195.0,10.0,35.0,0,0,77.0,2.0
A150B593,ST,50,None,Discharge,0.01,11,25,14,1155,195.0,10.0,35.0,0,0,52.0,2.0
A150B593,ST,50,None,Discharge,3.97,28,40,12,1155,195.0,12.0,35.0,0,0,72.0,2.0
A150B593,ST,50,None,Discharge,0.02,16,40,24,1240,195.0,8.0,25.0,1,1,77.0,2.0
A150B593,ST,50,None,Discharge,0.01,15,40,25,1240,195.0,8.0,25.0,1,1,52.0,2.0
A150B593,ST,50,None,Discharge,3.97,34,50,16,1240,195.0,8.0,25.0,1,1,75.0,2.0
A140E111,ST,40,Raise,Pigment,0.73,48,65,17,10780,155.0,15.0,50.0,1,1,90.0,2.0
A150B589,ST,50,None,Pigment,17.62,178,200,22,6800,155.0,6.0,60.0,1,1,130.0,2.0
A132B006,CT,32,None,Pigment,4.99,41,62,21,2250,125.0,12.0,40.0,3,1,110.0,2.0
A132B006,CT,32,None,Pigment,23.07,111,137,26,2250,125.0,12.0,40.0,3,3,106.0,2.0
A132B006,CT,32,None,Pigment,24.88,122,140,18,2250,125.0,12.0,40.0,3,2,115.0,2.0
A132B006,CT,32,None,Pigment,14.11,80,104,24,2250,125.0,12.0,40.0,3,2,116.0,2.0
A132B006,CT,32,None,Pigment,8.06,43,70,27,2250,125.0,10.0,40.0,3,2,118.0,2.0
A132B006,CT,32,None,Pigment,17.14,61,80,19,2250,125.0,10.0,40.0,3,1,117.0,2.0
A132B006,CT,32,None,Pigment,12.08,89,104,15,1960,125.0,12.0,45.0,5,4,115.0,2.0
A132B006,CT,32,None,Pigment,5.14,48,60,12,1960,125.0,10.0,45.0,5,3,110.0,2.0
A132B006,CT,32,None,Pigment,8.1,54,70,16,1960,125.0,10.0,45.0,5,2,119.0,2.0
A132B006,CT,32,None,Pigment,12.0,80,100,20,1960,125.0,10.0,45.0,5,4,125.0,2.0
A132B006,CT,32,None,Pigment,7.6,72,90,18,1960,125.0,10.0,45.0,5,5,117.0,2.0
A130B074,V,30,None,Discharge,36.02,134,150,16,3500,155.0,10.0,35.0,1,1,60.0,2.0
130K00,ST,30,None,Pigment,19.62,193,210,17,4350,195.0,8.0,55.0,2,2,116.0,2.0
A130B074,V,30,None,Pigment,36.02,177,200,23,3340,155.0,10.0,60.0,5,5,114.0,2.0
A130B074,V,30,None,Discharge,10.32,40,55,15,1192,165.0,10.0,50.0,0,0,40.0,2.0
130176,CT,30,Peach,Pigment,51.0,129,150,21,1431,125.0,10.0,40.0,3,3,103.0,2.0
130176,CT,30,Peach,Pigment,30.43,123,135,12,1340,155.0,8.0,50.0,3,3,75.0,2.0
130D07,CT,30,Peach,Pigment,6.18,47,70,23,2510,125.0,8.0,30.0,4,1,112.0,2.0
130D07,CT,30,Peach,Pigment,4.77,38,55,17,2510,125.0,8.0,30.0,4,1,94.0,2.0
130D07,CT,30,Peach,Pigment,3.14,46,67,21,2510,125.0,10.0,30.0,4,1,108.0,2.0
130D07,CT,30,Peach,Pigment,6.5,52,65,13,2510,125.0,10.0,30.0,4,4,83.0,2.0
130D07,CT,30,Peach,Pigment,3.86,54,65,11,2510,125.0,10.0,30.0,4,2,73.0,2.0
130D07,CT,30,Peach,Pigment,4.53,42,57,15,2510,125.0,10.0,30.0,4,2,81.0,2.0
130D07,CT,30,Peach,Pigment,1.96,37,50,13,2510,125.0,10.0,30.0,4,2,87.0,2.0
130K00,ST,30,None,Pigment,40.0,281,300,19,4600,195.0,8.0,50.0,2,2,116.0,2.0
130176,CT,30,Peach,Pigment,25.0,114,122,8,1445,165.0,8.0,60.0,1,1,110.0,2.0
18006,CT,80,None,Reactive,73.28,974,1000,26,11100,155.0,10.0,35.0,1,1,79.0,3.0
18006,CT,80,None,Reactive,3.52,65,80,15,11100,155.0,10.0,35.0,1,1,90.0,3.0
18006,CT,80,None,Reactive,73.28,1182,1200,18,12935,155.0,10.0,35.0,0,0,78.0,3.0
18006,CT,80,None,Reactive,3.52,80,100,20,12935,155.0,10.0,35.0,0,0,75.0,3.0
13000437,CV,30,Raise,Reactive,0.05,26,40,14,2864,165.0,15.0,25.0,2,0,68.0,3.0
13000437,CV,30,Raise,Reactive,75.52,580,600,20,2864,125.0,20.0,25.0,2,2,73.0,3.0
13000437,CV,30,Raise,Reactive,0.77,34,50,16,2864,165.0,15.0,25.0,2,0,76.0,3.0
13000437,CV,30,Raise,Reactive,0.42,38,50,12,2864,155.0,15.0,25.0,2,0,75.0,3.0
13000437,CV,30,Raise,Reactive,0.52,36,50,14,2864,165.0,15.0,25.0,2,1,77.0,3.0
13000437,CV,30,Raise,Reactive,0.83,40,50,10,2864,155.0,15.0,25.0,2,1,79.0,3.0
13000437,CV,30,Raise,Reactive,1.18,37,45,8,2864,165.0,15.0,25.0,2,0,80.0,3.0
13000437,CV,30,Raise,Reactive,4.15,44,55,11,2864,165.0,15.0,25.0,2,2,76.0,3.0
13000437,CV,30,Raise,Reactive,3.39,63,73,10,2864,155.0,15.0,25.0,2,2,73.0,3.0
13000437,CV,30,Raise,Reactive,0.92,45,60,15,2864,165.0,15.0,25.0,2,0,75.0,3.0
13000437,CV,30,Raise,Reactive,0.63,43,60,17,2864,155.0,15.0,25.0,2,2,79.0,3.0
A140A622,V,40,None,Reactive,60.0,139,150,11,1352,125.0,15.0,30.0,2,2,74.0,3.0
A140A622,V,40,None,Reactive,40.82,107,115,8,1352,125.0,12.0,30.0,2,2,72.0,3.0
14000398,CV,40,None,Reactive,1.22,40,50,10,5462,165.0,12.0,25.0,4,3,64.0,3.0
14000398,CV,40,None,Reactive,8.88,121,133,12,5462,165.0,12.0,25.0,4,3,60.0,3.0
14000398,CV,40,None,Reactive,25.17,229,245,16,5462,165.0,12.0,25.0,4,4,68.0,3.0
14000398,CV,40,None,Reactive,10.67,101,120,19,5462,125.0,12.0,25.0,4,2,72.0,3.0
14000398,CV,40,None,Reactive,55.19,466,480,14,5462,125.0,12.0,25.0,4,4,76.0,3.0
18006,CT,80,None,Reactive,5.87,49,60,11,4235,155.0,12.0,30.0,4,1,,3.0
18006,CT,80,None,Reactive,4.89,46,55,9,4235,155.0,10.0,30.0,4,1,,3.0
18006,CT,80,None,Reactive,48.76,340,360,20,4235,155.0,10.0,30.0,4,1,,3.0
18006,CT,80,None,Reactive,2.7,34,50,16,4235,155.0,12.0,30.0,4,1,,3.0
18006,CT,80,None,Reactive,3.02,32,50,18,4235,155.0,12.0,30.0,4,4,,3.0
18006,CT,80,None,Reactive,2.48,36,50,14,4235,155.0,10.0,30.0,4,2,,3.0
18006,CT,80,None,Reactive,13.35,58,70,12,1790,155.0,10.0,30.0,2,0,70.0,3.0
18006,CT,80,None,Reactive,4.78,40,50,10,1790,155.0,10.0,30.0,2,0,69.0,3.0
18006,CT,80,None,Reactive,55.13,139,160,21,1790,155.0,10.0,30.0,2,1,72.0,3.0
18006,CT,80,None,Reactive,31.38,97,120,23,1790,155.0,10.0,30.0,2,2,73.0,3.0
18006,CT,80,None,Reactive,3.0,35,50,15,3810,195.0,10.0,30.0,2,1,85.0,3.0
18006,CT,80,None,Reactive,2.18,38,50,12,3810,195.0,10.0,30.0,2,1,81.0,3.0
18006,CT,80,None,Reactive,1.89,40,50,10,3810,195.0,10.0,30.0,2,0,79.0,3.0
18006,CT,80,None,Reactive,3.16,32,50,18,3810,195.0,10.0,30.0,2,0,77.0,3.0
18006,CT,80,None,Reactive,73.46,431,450,19,3810,165.0,12.0,30.0,2,2,75.0,3.0
18006,CT,80,None,Reactive,0.99,26,40,14,3810,165.0,10.0,30.0,2,0,78.0,3.0
18006,CT,80,None,Reactive,10.67,90,100,10,3810,165.0,10.0,30.0,2,1,80.0,3.0
18006,CT,80,None,Reactive,5.03,37,50,13,3810,165.0,10.0,30.0,2,0,,3.0
18006,CT,80,None,Reactive,2.87,35,50,15,3810,155.0,10.0,30.0,2,0,77.0,3.0
18006,CT,80,None,Reactive,6.5,59,70,11,3810,165.0,10.0,30.0,2,0,79.0,3.0
18006,CT,80,None,Reactive,43.51,233,248,15,3570,165.0,10.0,30.0,1,1,78.0,3.0
18006,CT,80,None,Reactive,7.71,56,70,14,3570,195.0,10.0,30.0,1,0,69.0,3.0
18006,CT,80,None,Reactive,3.38,39,50,11,3570,165.0,8.0,30.0,1,1,72.0,3.0
18006,CT,80,None,Reactive,0.95,32,40,8,3570,165.0,10.0,30.0,1,0,64.0,3.0
18006,CT,80,None,Reactive,20.53,110,120,10,3570,195.0,8.0,30.0,1,0,63.0,3.0
18006,CT,80,None,Reactive,3.1,32,40,8,3570,165.0,10.0,30.0,1,1,78.0,3.0
18006,CT,80,None,Reactive,6.33,53,66,13,3570,195.0,10.0,30.0,1,0,75.0,3.0
18006,CT,80,None,Reactive,27.98,102,120,18,3570,195.0,8.0,30.0,1,0,69.0,3.0
18006,CT,80,None,Reactive,1.18,31,40,9,3570,195.0,10.0,30.0,1,0,68.0,3.0
18006,CT,80,None,Reactive,1.24,32,40,8,3570,195.0,10.0,30.0,1,0,69.0,3.0
18006,CT,80,None,Reactive,3.44,39,50,11,3570,195.0,10.0,30.0,1,0,73.0,3.0
18006,CT,80,None,Reactive,7.63,52,70,18,3570,165.0,10.0,30.0,1,0,78.0,3.0
14000398,CV,40,None,Discharge,0.24,24,44,20,3900,125.0,12.0,30.0,2,1,85.0,3.0
14000398,CV,40,None,Discharge,0.96,28,40,12,3900,125.0,10.0,30.0,2,2,75.0,3.0
14000398,CV,40,None,Discharge,1.32,54,68,14,3900,125.0,12.0,30.0,2,2,78.0,3.0
14000398,CV,40,None,Discharge,0.24,22,40,18,3900,125.0,10.0,30.0,2,1,82.0,3.0
14000398,CV,40,None,Discharge,1.39,30,46,16,3900,125.0,12.0,30.0,2,1,77.0,3.0
14000398,CV,40,None,Discharge,7.15,65,75,10,3900,125.0,12.0,30.0,2,1,69.0,3.0
A132B148,CV,32,None,Reactive,77.34,2010,2040,30,12950,125.0,15.0,27.0,3,3,80.0,1.0
A132B148,CV,32,None,Reactive,0.13,65,80,15,12950,195.0,12.0,27.0,3,2,69.0,1.0
A132B148,CV,32,None,Reactive,0.6,70,80,10,12950,165.0,15.0,27.0,3,1,70.0,1.0
A132B148,CV,32,None,Reactive,2.93,94,110,16,12950,155.0,15.0,27.0,3,0,68.0,1.0
A132B148,CV,32,None,Reactive,3.47,125,140,15,12950,155.0,12.0,27.0,3,0,71.0,1.0
A132B148,CV,32,None,Reactive,1.01,72,90,18,12950,155.0,12.0,27.0,3,0,78.0,1.0
A132B148,CV,32,None,Reactive,1.21,73,90,17,12950,165.0,12.0,27.0,3,0,65.0,1.0
A132B148,CV,32,None,Reactive,2.78,120,140,20,12950,165.0,12.0,27.0,3,2,70.0,1.0
A132B148,CV,32,None,Reactive,2.72,96,110,14,12950,125.0,12.0,27.0,3,0,65.0,1.0
A132B148,CV,32,None,Reactive,3.9,92,110,18,12950,125.0,12.0,27.0,3,0,69.0,1.0
A132B148,CV,32,None,Reactive,10.11,270,290,20,12950,125.0,10.0,27.0,3,0,71.0,1.0
A132A927,CT,32,None,Pigment,0.83,22,40,18,1560,165.0,8.0,60.0,1,1,90.0,1.0
A140D080,CT,40,None,Reactive,16.4,110,135,25,3000,125.0,12.0,40.0,3,3,95.0,1.0
A140D080,CT,40,None,Reactive,3.1,50,72,22,3000,125.0,12.0,40.0,3,2,91.0,1.0
A140D080,CT,40,None,Reactive,16.06,111,135,24,3000,125.0,12.0,40.0,3,2,82.0,1.0
A140D080,CT,40,None,Reactive,11.08,87,107,20,3000,125.0,12.0,40.0,3,1,102.0,1.0
A140D080,CT,40,None,Reactive,15.17,98,120,22,3000,125.0,12.0,40.0,3,1,101.0,1.0
A140D080,CT,40,None,Reactive,6.49,43,57,14,3000,125.0,12.0,40.0,3,1,97.0,1.0
A140D080,CT,40,None,Reactive,11.39,67,83,16,3000,125.0,12.0,40.0,3,1,96.0,1.0
A140D080,CT,40,None,Reactive,8.7,71,86,15,3000,125.0,12.0,40.0,3,1,103.0,1.0
A140D080,CT,40,None,Reactive,9.78,75,95,20,3000,125.0,12.0,40.0,3,0,109.0,1.0
A130B680,V,30,None,Reactive,14.8,42,60,18,1350,155.0,15.0,27.0,1,0,73.0,1.0
A130B680,V,30,None,Reactive,4.57,28,50,22,1350,125.0,15.0,27.0,1,0,74.0,1.0
A130B680,V,30,None,Reactive,5.01,32,50,18,1350,125.0,12.0,27.0,1,0,76.0,1.0
A130B680,V,30,None,Reactive,15.42,48,60,12,1350,125.0,12.0,27.0,1,1,65.0,1.0
A130B680,V,30,None,Reactive,7.19,29,50,21,1350,125.0,12.0,27.0,1,1,73.0,1.0
A130B680,V,30,None,Reactive,14.53,50,60,10,1350,125.0,12.0,27.0,1,1,80.0,1.0
18006,CT,80,None,Reactive,3.8,68,88,20,8300,195.0,10.0,25.0,1,0,145.0,1.0
18006,CT,80,None,Reactive,6.93,97,110,13,8300,195.0,10.0,25.0,1,0,75.0,1.0
18006,CT,80,None,Reactive,1.86,35,50,15,8300,195.0,10.0,25.0,1,0,72.0,1.0
18006,CT,80,None,Reactive,10.12,150,180,30,8300,195.0,10.0,25.0,1,1,90.0,1.0
18006,CT,80,None,Reactive,8.52,122,150,28,8300,195.0,10.0,25.0,1,0,90.0,1.0
18006,CT,80,None,Reactive,4.56,62,80,18,8300,195.0,10.0,25.0,1,0,98.0,1.0
18006,CT,80,None,Reactive,5.76,77,100,23,8300,195.0,10.0,25.0,1,1,99.0,1.0
18006,CT,80,None,Reactive,4.71,84,110,26,8300,165.0,10.0,25.0,1,1,88.0,1.0
18006,CT,80,None,Reactive,8.4,125,140,15,8300,165.0,10.0,25.0,1,1,85.0,1.0
18006,CT,80,None,Reactive,2.3,35,50,15,8300,165.0,10.0,25.0,1,0,77.0,1.0
18006,CT,80,None,Reactive,6.78,92,110,18,8300,195.0,10.0,25.0,1,1,100.0,1.0
18006,CT,80,None,Reactive,8.45,115,140,25,8300,155.0,10.0,25.0,1,1,90.0,1.0
A130B459,V,30,None,Pigment,1.43,31,55,24,3535,195.0,6.0,65.0,1,1,100.0,2.0
A130C150,ST,30,Peach,Pigment,23.44,183,200,17,3450,195.0,8.0,70.0,1,1,115.0,2.0
A132B006,CT,32,Peach,Pigment,11.68,159,180,21,8100,155.0,10.0,40.0,1,1,116.0,2.0
A132B006,CT,32,Peach,Pigment,2.94,63,80,17,8100,155.0,10.0,40.0,1,1,86.0,2.0
A132B006,CT,32,Peach,Pigment,2.0,55,70,15,8100,155.0,10.0,40.0,1,1,78.0,2.0
A132B006,CT,32,Peach,Pigment,3.08,47,60,13,8100,155.0,10.0,40.0,1,1,44.0,2.0
A132B006,CT,32,Peach,Pigment,4.3,56,75,19,8100,155.0,10.0,40.0,1,1,77.0,2.0
A132B006,CT,32,Peach,Pigment,6.24,89,100,11,8100,155.0,8.0,40.0,1,1,81.0,2.0
A132B006,CT,32,Peach,Pigment,72.84,789,800,11,8100,125.0,10.0,40.0,1,2,85.0,2.0
A132B006,CT,32,Peach,Pigment,4.32,62,75,13,8100,155.0,8.0,40.0,1,1,91.0,2.0
120109,ST,20,Peach,Pigment,7.53,112,130,18,5800,165.0,15.0,35.0,3,3,125.0,2.0
120109,ST,20,Peach,Pigment,11.7,178,190,12,5800,195.0,15.0,35.0,3,3,110.0,2.0
120109,ST,20,Peach,Pigment,13.31,180,200,20,5800,165.0,10.0,35.0,3,2,100.0,2.0
A145A279,SPC,45,None,Pigment,1.48,45,55,10,3100,125.0,8.0,50.0,3,3,100.0,2.0
A145A279,SPC,45,None,Pigment,74.35,374,390,16,3100,125.0,10.0,50.0,3,3,90.0,2.0
A132A901,ST,32,Peach,Pigment,0.34,80,120,40,7790,195.0,8.0,40.0,1,1,96.0,2.0
A145A279,SPC,45,None,Pigment,35.75,145,160,15,2300,125.0,12.0,50.0,1,1,63.0,2.0
A145A279,SPC,45,None,Pigment,15.25,82,100,18,2300,125.0,12.0,50.0,1,0,75.0,2.0
A145A279,SPC,45,None,Pigment,15.71,83,100,17,2300,125.0,8.0,50.0,1,0,70.0,2.0
A145A279,SPC,45,None,Pigment,2.98,35,50,15,3445,155.0,10.0,40.0,1,0,90.0,2.0
A145A279,SPC,45,None,Pigment,1.28,23,40,17,3445,155.0,10.0,40.0,1,1,95.0,2.0
140367,CT,40,Peach,Discharge,0.71,22,40,18,2162,195.0,6.0,30.0,1,1,58.0,2.0
140367,CT,40,Peach,Discharge,0.19,24,40,16,2162,165.0,6.0,30.0,1,1,62.0,2.0
140367,CT,40,Peach,Discharge,0.73,25,40,15,2162,165.0,6.0,30.0,1,1,59.0,2.0
140367,CT,40,Peach,Discharge,2.53,28,40,12,2162,155.0,6.0,30.0,1,1,80.0,2.0
140367,CT,40,Peach,Discharge,2.7,26,40,14,2162,155.0,8.0,30.0,1,0,,2.0
A140A622,V,40,None,Pigment,19.53,68,70,2,1560,125.0,12.0,40.0,3,3,80.0,2.0
A120A528,V,20,None,Discharge,8.58,48,57,9,2185,165.0,8.0,40.0,3,3,88.0,2.0
A120A528,V,20,None,Discharge,1.11,44,60,16,2185,165.0,8.0,40.0,3,1,64.0,2.0
A120A528,V,20,None,Discharge,9.92,79,100,21,2185,165.0,8.0,40.0,3,3,57.0,2.0
A120A528,V,20,None,Discharge,3.56,34,45,11,2185,165.0,8.0,40.0,3,3,59.0,2.0
A120A528,V,20,None,Discharge,10.85,45,55,10,2185,165.0,8.0,40.0,3,1,61.0,2.0
130Q28,ST,30,None,Pigment,5.9,37,50,13,2370,195.0,8.0,35.0,4,1,94.0,2.0
130Q28,ST,30,None,Pigment,29.93,124,140,16,2370,155.0,10.0,35.0,4,2,73.0,2.0
130Q28,ST,30,None,Pigment,12.31,68,77,9,2370,155.0,10.0,35.0,4,1,72.0,2.0
130Q28,ST,30,None,Pigment,6.2,40,55,15,2370,125.0,10.0,35.0,4,4,70.0,2.0
18006,CT,80,None,Pigment,24.61,132,159,27,3984,155.0,10.0,40.0,2,2,119.0,2.0
18006,CT,80,None,Pigment,24.61,124,159,35,3984,155.0,10.0,40.0,2,2,103.0,2.0
14015,CT,40,None,Discharge,2.66,45,62,17,3830,155.0,8.0,40.0,4,4,45.0,2.0
14015,CT,40,None,Discharge,2.0,35,50,15,3830,155.0,8.0,40.0,4,1,116.0,2.0
14000313,CT,40,None,Discharge,4.13,66,80,14,4470,125.0,10.0,30.0,1,1,65.0,2.0
14015,CT,40,None,Pigment,2.92,30,40,10,1225,165.0,6.0,45.0,0,0,125.0,2.0
14015,CT,40,None,Pigment,0.56,23,40,17,1225,155.0,8.0,45.0,0,0,130.0,2.0
A150B593,ST,50,None,Discharge,0.02,28,46,18,1190,195.0,10.0,40.0,4,2,60.0,2.0
A150B593,ST,50,None,Discharge,0.01,29,48,19,1190,195.0,12.0,40.0,4,3,85.0,2.0
A150B593,ST,50,None,Discharge,3.97,43,60,17,1190,195.0,10.0,40.0,4,4,86.0,2.0
18006,CT,80,None,Pigment,3.03,27,40,13,2760,165.0,6.0,30.0,3,1,110.0,2.0
18006,CT,80,None,Pigment,1.73,40,51,11,2760,155.0,8.0,30.0,3,3,72.0,2.0
18006,CT,80,None,Pigment,0.42,22,40,18,2760,155.0,8.0,30.0,3,1,65.0,2.0
18006,CT,80,None,Pigment,0.79,31,40,9,2760,155.0,8.0,30.0,3,3,72.0,2.0
18006,CT,80,None,Pigment,9.16,31,46,15,2760,155.0,10.0,30.0,3,1,74.0,2.0
A145A279,SPC,45,None,Pigment,1.48,30,40,10,4520,125.0,10.0,50.0,2,1,97.0,2.0
A145A279,SPC,45,None,Pigment,74.35,446,464,18,4520,125.0,10.0,50.0,2,2,92.0,2.0
13000437,CV,30,Raise,Discharge,4.48,224,240,16,18946,165.0,10.0,30.0,2,0,81.0,2.0
13000437,CV,30,Raise,Discharge,1.93,137,150,13,18946,165.0,15.0,30.0,2,2,56.0,2.0
18006,CT,80,None,Reactive,89.21,1182,1200,18,15750,155.0,10.0,45.0,3,3,91.0,2.0
18006,CT,80,None,Reactive,0.71,40,60,20,15750,125.0,8.0,45.0,3,0,95.0,2.0
A145A279,SPC,45,None,Pigment,2.98,39,55,16,4910,155.0,10.0,40.0,1,1,113.0,2.0
A145A279,SPC,45,None,Pigment,1.28,33,44,11,4910,155.0,10.0,40.0,1,1,103.0,2.0
A130K00,ST,30,None,Pigment,12.78,95,107,12,4350,165.0,6.0,65.0,2,2,127.0,2.0
A140C096,CT,40,None,Pigment,9.92,30,50,20,1230,125.0,12.0,40.0,5,1,110.0,2.0
A140C096,CT,40,None,Pigment,69.21,182,200,18,1230,125.0,12.0,40.0,5,5,90.0,2.0
150264,CT,50,None,Pigment,12.34,42,60,18,1360,195.0,6.0,60.0,1,1,78.0,2.0
A132A901,ST,32,Peach,Pigment,0.34,21,40,19,2950,195.0,8.0,35.0,0,0,120.0,2.0
A145A387,PC,45,None,Pigment,11.13,284,300,16,13510,165.0,6.0,80.0,2,2,150.0,2.0
140367,CT,40,Peach,Pigment,1.48,34,50,16,3592,165.0,6.0,80.0,1,1,92.0,2.0
140367,CT,40,Peach,Pigment,8.39,77,90,13,3592,165.0,6.0,80.0,1,0,81.0,2.0
14015,CT,40,None,Discharge,2.92,29,40,11,1950,165.0,8.0,50.0,2,2,95.0,2.0
14015,CT,40,None,Discharge,0.56,20,30,10,1950,155.0,10.0,50.0,2,0,55.0,2.0
130D07,CT,30,Peach,Discharge,0.12,22,40,18,1575,165.0,6.0,25.0,2,0,63.0,2.0
130D07,CT,30,Peach,Discharge,0.83,25,40,15,1575,125.0,12.0,25.0,2,1,62.0,2.0
130D07,CT,30,Peach,Discharge,0.5,22,40,18,1575,125.0,10.0,25.0,2,0,58.0,2.0
130D07,CT,30,Peach,Discharge,0.52,24,44,20,1575,125.0,12.0,25.0,2,2,55.0,2.0
130D07,CT,30,Peach,Discharge,1.55,26,40,14,1575,125.0,10.0,25.0,2,1,51.0,2.0
130D07,CT,30,Peach,Discharge,1.25,24,40,16,1575,125.0,8.0,25.0,2,1,67.0,2.0
130D07,CT,30,Peach,Discharge,0.65,28,40,12,1575,125.0,8.0,25.0,2,0,54.0,2.0
140367,CT,40,Peach,Discharge,0.71,22,40,18,2340,195.0,6.0,30.0,1,0,52.0,2.0
140367,CT,40,Peach,Discharge,0.19,23,42,19,2340,165.0,6.0,30.0,1,1,53.0,2.0
140367,CT,40,Peach,Discharge,0.73,23,47,24,2340,165.0,6.0,30.0,1,1,50.0,2.0
140367,CT,40,Peach,Discharge,2.53,24,43,19,2340,155.0,6.0,30.0,1,1,51.0,2.0
140367,CT,40,Peach,Discharge,2.7,22,40,18,2340,155.0,6.0,30.0,1,1,55.0,2.0
130K00,ST,30,None,Pigment,12.78,148,159,11,4508,165.0,6.0,80.0,2,2,175.0,2.0
13000437,CV,30,Raise,Pigment,0.49,28,40,12,3940,195.0,12.0,40.0,2,0,102.0,2.0
13000437,CV,30,Raise,Pigment,0.06,25,40,15,3940,125.0,12.0,40.0,2,1,100.0,2.0
13000437,CV,30,Raise,Pigment,0.12,27,40,13,3940,125.0,12.0,40.0,2,2,72.0,2.0
13000437,CV,30,Raise,Pigment,5.08,42,60,18,3940,125.0,12.0,40.0,2,2,68.0,2.0
13000437,CV,30,Raise,Pigment,0.14,27,40,13,3940,125.0,12.0,40.0,2,1,64.0,2.0
13000437,CV,30,Raise,Pigment,0.12,24,40,16,3940,125.0,12.0,40.0,2,2,62.0,2.0
13000437,CV,30,Raise,Pigment,0.06,25,40,15,3940,125.0,12.0,40.0,2,2,60.0,2.0
13000437,CV,30,Raise,Pigment,0.04,23,40,17,3940,125.0,12.0,40.0,2,1,70.0,2.0
A1400232,CT,40,None,Discharge,2.23,22,40,18,1147,195.0,10.0,50.0,0,0,84.0,2.0
A1400232,CT,40,None,Discharge,0.63,20,40,20,1147,195.0,10.0,50.0,0,0,74.0,2.0
150264,CT,50,None,Pigment,10.54,35,50,15,1205,165.0,8.0,30.0,0,0,92.0,2.0
150264,CT,50,None,Pigment,10.96,33,50,17,1205,165.0,8.0,30.0,0,0,80.0,2.0
150264,CT,50,None,Pigment,11.42,38,50,12,1205,165.0,8.0,30.0,0,0,74.0,2.0
150264,CT,50,None,Pigment,11.41,36,50,14,1205,165.0,8.0,30.0,0,0,72.0,2.0
13000437,CV,30,Raise,Discharge,0.17,45,60,15,14600,155.0,10.0,25.0,3,0,52.0,3.0
13000437,CV,30,Raise,Discharge,1.16,60,75,15,14600,155.0,12.0,25.0,3,0,48.0,3.0
13000437,CV,30,Raise,Discharge,0.56,86,96,10,14600,155.0,15.0,25.0,3,3,48.0,3.0
13000437,CV,30,Raise,Discharge,1.91,98,120,22,14600,155.0,15.0,25.0,3,0,55.0,3.0
16000173,CT,60,None,Reactive,23.65,183,200,17,3980,165.0,10.0,30.0,3,1,82.0,3.0
16000173,CT,60,None,Reactive,83.79,550,660,110,3980,165.0,10.0,30.0,3,3,73.0,3.0
16009,CT,60,None,Reactive,9.99,38,50,12,960,155.0,12.0,30.0,1,1,59.0,3.0
16009,CT,60,None,Reactive,54.29,81,100,19,960,155.0,12.0,30.0,1,1,64.0,3.0
A130B609,V,30,None,Reactive,90.28,350,360,10,2130,125.0,15.0,30.0,1,1,73.0,3.0
A130B609,V,30,None,Reactive,12.02,64,80,16,2130,125.0,12.0,30.0,1,1,82.0,3.0
1400398,CV,40,None,Reactive,5.21,29,50,21,1465,125.0,15.0,30.0,3,2,72.0,3.0
1400398,CV,40,None,Reactive,18.65,66,77,11,1465,125.0,15.0,30.0,3,2,69.0,3.0
1400398,CV,40,None,Reactive,22.13,61,70,9,1465,125.0,15.0,30.0,3,3,75.0,3.0
1400398,CV,40,None,Reactive,17.33,48,70,22,1465,125.0,15.0,30.0,3,2,77.0,3.0
1400398,CV,40,None,Reactive,19.64,58,70,12,1465,125.0,15.0,30.0,3,2,73.0,3.0
1400398,CV,40,None,Reactive,17.98,56,70,14,1465,125.0,15.0,30.0,3,2,74.0,3.0
16009,CT,60,None,Reactive,9.99,171,190,19,7397,155.0,12.0,35.0,3,2,66.0,3.0
16009,CT,60,None,Reactive,47.27,453,480,27,7397,155.0,12.0,35.0,3,3,71.0,3.0
18006,CT,80,None,Reactive,49.1,182,200,18,2270,155.0,10.0,35.0,1,1,77.0,3.0
18006,CT,80,None,Reactive,73.83,1168,1200,32,13170,155.0,10.0,40.0,3,3,69.0,3.0
140324,ST,40,None,Pigment,3.25,92,110,18,9440,165.0,6.0,45.0,2,0,150.0,1.0
140324,ST,40,None,Pigment,2.18,51,99,48,9440,125.0,8.0,45.0,2,0,106.0,1.0
140324,ST,40,None,Pigment,0.86,24,40,16,9440,125.0,8.0,45.0,2,0,120.0,1.0
140324,ST,40,None,Pigment,68.21,670,940,270,9440,125.0,10.0,45.0,2,0,130.0,1.0
140324,ST,40,None,Pigment,3.34,59,80,21,9440,125.0,10.0,45.0,2,0,120.0,1.0
140324,ST,40,None,Pigment,3.34,61,80,19,9440,125.0,6.0,45.0,2,0,100.0,1.0
140324,ST,40,None,Pigment,5.36,92,120,28,9440,125.0,10.0,45.0,2,2,120.0,1.0
140324,ST,40,None,Pigment,1.8,32,50,18,9440,125.0,10.0,45.0,2,0,100.0,1.0
140324,ST,40,None,Pigment,0.82,21,40,19,9440,125.0,8.0,45.0,2,0,102.0,1.0
140324,ST,40,None,Pigment,5.09,116,140,24,9440,125.0,10.0,45.0,2,1,108.0,1.0
140324,ST,40,None,Pigment,0.2,42,65,23,9440,125.0,6.0,45.0,2,0,112.0,1.0
130K00,ST,30,None,Pigment,26.92,269,284,15,4765,195.0,10.0,55.0,2,2,100.0,1.0
18006,CT,80,None,Pigment,17.08,66,80,14,2065,155.0,12.0,40.0,1,1,,1.0
14015,CT,40,None,Pigment,11.61,34,50,16,1400,195.0,8.0,70.0,0,0,135.0,1.0
A130B609,V,30,None,Reactive,64.56,418,440,22,3360,125.0,15.0,26.0,1,1,72.0,3.0
18006,CT,80,None,Reactive,73.28,1004,1030,26,12194,155.0,10.0,45.0,2,2,71.0,3.0
18006,CT,80,None,Reactive,3.52,96,120,24,12194,155.0,10.0,45.0,2,1,78.0,3.0
18006,CT,80,None,Reactive,73.83,888,960,72,11530,155.0,10.0,40.0,2,2,75.0,3.0
14000313,CT,40,None,Discharge,1.0,30,50,20,12200,155.0,8.0,50.0,1,0,65.0,1.0
14000313,CT,40,None,Discharge,0.75,35,50,15,12200,155.0,10.0,50.0,1,1,52.0,1.0
14000313,CT,40,None,Discharge,0.8,30,40,10,12200,165.0,12.0,50.0,1,0,48.0,1.0
14000313,CT,40,None,Discharge,3.8,15,40,25,1700,125.0,,,1,1,72.0,1.0
A132B006,CT,32,Peach,Pigment,0.6,69,90,21,7896,195.0,10.0,37.0,1,0,75.0,1.0
A132B006,CT,32,Peach,Pigment,5.74,115,130,15,7896,195.0,10.0,37.0,1,0,76.0,1.0
A132B006,CT,32,Peach,Pigment,5.74,100,120,20,7896,195.0,10.0,37.0,1,0,73.0,1.0
A132B006,CT,32,Peach,Pigment,2.58,60,74,14,7896,195.0,10.0,37.0,1,0,73.0,1.0
A132B006,CT,32,Peach,Pigment,10.0,210,230,20,7896,195.0,10.0,37.0,1,0,74.0,1.0
A132B006,CT,32,Peach,Pigment,3.23,88,101,13,7896,195.0,10.0,37.0,1,1,74.0,1.0
A132B006,CT,32,Peach,Pigment,2.44,34,44,10,7896,195.0,10.0,37.0,1,0,73.0,1.0
14000313,CT,40,None,Discharge,1.1,25,40,15,3225,155.0,8.0,30.0,1,0,69.0,1.0
14000313,CT,40,None,Discharge,0.75,30,46,16,3225,155.0,8.0,30.0,1,1,65.0,1.0
14000313,CT,40,None,Discharge,0.81,20,40,20,3225,165.0,12.0,30.0,1,0,72.0,1.0
130D07,CT,30,Peach,Reactive,43.66,130,150,20,1465,125.0,15.0,25.0,4,1,72.0,1.0
130D07,CT,30,Peach,Reactive,19.72,78,104,26,1465,125.0,15.0,25.0,4,3,75.0,1.0
130D07,CT,30,Peach,Reactive,8.21,42,59,17,1465,125.0,15.0,25.0,4,3,71.0,1.0
130D07,CT,30,Peach,Reactive,9.38,44,60,16,1465,125.0,12.0,25.0,4,3,70.0,1.0
130D07,CT,30,Peach,Reactive,6.93,55,100,45,1465,125.0,12.0,25.0,4,4,73.0,1.0
130D07,CT,30,Peach,Reactive,4.19,38,57,19,1465,125.0,12.0,25.0,4,2,70.0,1.0
130D07,CT,30,Peach,Reactive,9.78,35,55,20,1465,125.0,12.0,25.0,4,3,69.0,1.0
130D07,CT,30,Peach,Reactive,1.01,32,55,23,1465,125.0,12.0,25.0,4,2,72.0,1.0
140367,CT,40,Peach,Discharge,1.52,26,40,14,2270,125.0,10.0,35.0,2,1,48.0,1.0
140367,CT,40,Peach,Discharge,1.52,23,40,17,2270,125.0,8.0,35.0,2,0,45.0,
140367,CT,40,Peach,Discharge,0.19,25,40,15,2270,125.0,6.0,35.0,2,0,50.0,
140367,CT,40,Peach,Discharge,0.63,20,40,20,2270,125.0,8.0,35.0,2,2,46.0,
150264,CT,50,None,Discharge,2.74,12,40,28,1250,165.0,6.0,70.0,1,0,73.0,1.0
150264,CT,50,None,Discharge,2.74,10,40,30,1250,165.0,6.0,70.0,1,0,62.0,
150264,CT,50,None,Discharge,2.74,15,40,25,1250,165.0,6.0,70.0,1,0,70.0,
150264,CT,50,None,Discharge,2.74,19,44,25,1250,165.0,6.0,70.0,1,1,100.0,
14000398,CV,40,None,Reactive,1.03,82,97,15,3150,125.0,12.0,30.0,2,1,68.0,
14000398,CV,40,None,Reactive,37.14,240,260,20,3150,125.0,15.0,30.0,2,2,65.0,
14000398,CV,40,None,Reactive,4.51,52,70,18,3150,125.0,12.0,30.0,2,2,69.0,
14000398,CV,40,None,Reactive,12.67,95,105,10,3150,125.0,15.0,30.0,2,1,68.0,
150264,CT,50,None,Discharge,12.34,34,50,16,1350,195.0,6.0,45.0,0,0,49.0,
150264,CT,50,None,Discharge,4.72,27,40,13,1190,165.0,8.0,50.0,1,1,41.0,
A140C096,CT,40,None,Pigment,6.18,73,89,16,3900,125.0,10.0,35.0,3,2,90.0,
A140C096,CT,40,None,Pigment,4.77,58,76,18,3900,125.0,10.0,35.0,3,3,94.0,
A140C096,CT,40,None,Pigment,3.14,44,65,21,3900,125.0,10.0,35.0,3,2,102.0,
A140C096,CT,40,None,Pigment,6.5,69,89,20,3900,125.0,10.0,35.0,3,2,96.0,
A140C096,CT,40,None,Pigment,3.86,40,55,15,3900,125.0,10.0,35.0,3,2,100.0,
A140C096,CT,40,None,Pigment,4.53,43,60,17,3900,125.0,10.0,35.0,3,1,105.0,
A140C096,CT,40,None,Pigment,1.96,22,50,28,3900,125.0,10.0,35.0,3,1,112.0,
A132B006,CT,32,Peach,Pigment,3.0,160,180,20,17400,195.0,10.0,45.0,3,1,,
A132B006,CT,32,Peach,Pigment,4.02,135,150,15,17400,195.0,10.0,45.0,3,0,,
A132B006,CT,32,Peach,Pigment,10.3,275,300,25,17400,195.0,10.0,45.0,3,3,,
A132B006,CT,32,Peach,Pigment,4.91,182,200,18,17400,195.0,10.0,45.0,3,0,,
A132B006,CT,32,Peach,Pigment,35.85,625,650,25,17400,195.0,6.0,45.0,3,0,,
A132B006,CT,32,Peach,Pigment,21.08,432,460,28,17400,195.0,10.0,45.0,3,0,,
A132B006,CT,32,Peach,Pigment,12.15,259,280,21,17400,195.0,10.0,45.0,3,1,,
A130B609,V,30,None,Reactive,2.81,50,70,20,2120,165.0,12.0,30.0,3,2,97.0,
A130B609,V,30,None,Reactive,8.58,66,80,14,2120,165.0,12.0,30.0,3,2,85.0,
A130B609,V,30,None,Reactive,2.2,46,70,24,2120,165.0,12.0,30.0,3,0,90.0,
A130B609,V,30,None,Reactive,7.36,60,80,20,2120,165.0,12.0,30.0,3,2,87.0,
A130B609,V,30,None,Reactive,9.03,82,100,18,2120,165.0,12.0,30.0,3,3,84.0,
A130B609,V,30,None,Reactive,17.44,90,110,20,2000,125.0,15.0,25.0,3,2,68.0,
A130B609,V,30,None,Reactive,48.24,238,260,22,2000,125.0,15.0,25.0,3,3,69.0,
A130B609,V,30,None,Reactive,31.35,133,150,17,2000,125.0,12.0,25.0,3,3,90.0,
14000313,CT,40,None,Discharge,1.0,39,50,11,18120,155.0,8.0,30.0,0,0,110.0,
14000313,CT,40,None,Discharge,0.75,40,50,10,18120,155.0,8.0,30.0,0,0,118.0,
14000313,CT,40,None,Discharge,0.8,37,50,13,18120,165.0,12.0,30.0,0,0,66.0,
A1400232,CT,40,None,Discharge,1.34,28,40,12,1150,195.0,15.0,25.0,0,0,64.0,
150264,CT,50,None,Discharge,10.67,29,40,11,1165,195.0,6.0,40.0,3,3,73.0,
A1400232,CT,40,None,Discharge,1.13,29,40,11,1100,195.0,10.0,40.0,1,1,67.0,
16000173,CT,60,None,Discharge,1.01,27,40,13,1100,165.0,6.0,35.0,1,1,81.0,
16000173,CT,60,None,Discharge,0.78,22,40,18,1100,125.0,8.0,35.0,1,1,57.0,
150264,CT,50,None,Discharge,2.93,19,30,11,1173,165.0,8.0,60.0,1,1,65.0,
150264,CT,50,None,Discharge,2.93,19,30,11,1170,165.0,8.0,60.0,1,1,65.0,
A1400232,CT,40,None,Pigment,2.23,18,40,22,1140,195.0,10.0,50.0,1,1,92.0,
A1400232,CT,40,None,Pigment,0.63,26,48,22,1140,195.0,10.0,50.0,1,1,60.0,
150264,CT,50,None,Discharge,15.49,46,68,22,1160,165.0,6.0,65.0,2,2,90.0,
150264,CT,50,None,Discharge,15.49,64,80,16,1155,165.0,6.0,70.0,2,2,92.0,
A130B459,V,30,None,Pigment,1.43,23,40,17,3500,195.0,8.0,45.0,1,1,120.0,
18006,CT,80,None,Reactive,45.9,280,300,20,3782,155.0,10.0,30.0,3,3,71.0,
18006,CT,80,None,Reactive,73.83,942,960,18,12354,155.0,10.0,35.0,2,2,86.0,
14000313,CT,40,None,Pigment,1.0,26,40,14,9150,155.0,8.0,35.0,0,0,80.0,
14000313,CT,40,None,Pigment,0.75,25,40,15,9150,155.0,12.0,35.0,0,0,76.0,
130K00,ST,30,None,Pigment,12.78,151,160,9,5690,165.0,6.0,80.0,3,3,115.0,
14000748,CT,40,Peach,Discharge,8.0,540,625,85,21573,165.0,12.0,35.0,0,0,90.0,
140367,CT,40,Peach,Discharge,0.52,22,40,18,2240,125.0,8.0,35.0,2,0,82.0,
140367,CT,40,Peach,Discharge,1.51,25,40,15,2240,125.0,8.0,35.0,2,2,55.0,
140367,CT,40,Peach,Discharge,1.65,28,40,12,2240,125.0,6.0,35.0,2,2,58.0,
140367,CT,40,Peach,Discharge,2.58,30,40,10,2240,125.0,6.0,35.0,2,0,61.0,
130K00,ST,30,None,Pigment,40.0,105,120,15,1093,195.0,8.0,50.0,0,0,72.0,1.0
14000398,CV,40,None,Reactive,61.17,258,280,22,2194,125.0,15.0,30.0,3,3,67.0,1.0
14000398,CV,40,None,Reactive,4.23,52,70,18,2194,125.0,12.0,30.0,3,1,62.0,1.0
14000398,CV,40,None,Reactive,4.68,45,70,25,2194,125.0,12.0,30.0,3,1,61.0,1.0
14000398,CV,40,None,Reactive,9.38,73,96,23,2194,125.0,12.0,30.0,3,1,64.0,1.0
14000398,CV,40,None,Reactive,4.54,49,70,21,2194,125.0,12.0,30.0,3,0,62.0,1.0
14000398,CV,40,None,Reactive,4.06,49,74,25,2194,125.0,12.0,30.0,3,2,63.0,1.0
14000398,CV,40,None,Reactive,4.57,51,70,19,2194,125.0,12.0,30.0,3,1,65.0,1.0
